game_id,Season,Week,Date,Day of Week,Time,Away Team,Away Score,Home Team,Home Score,Location,old_game_id,gsis,pfr,pff,espn,ftn,Roof Type,Surface Type,Temperature,Wind Speed,away_qb_id,home_qb_id,Away QB,Home QB,Stadium
2025_01_DAL_PHI,2025,1,2025-09-04,Thursday,20:20,Dallas Cowboys,20.0,Philadelphia Eagles,24.0,Home,2025090400,59843.0,202509040phi,28418.0,401772510,6734.0,outdoors,grass,75.0,11.0,00-0033077,00-0036389,Dak Prescott,Jalen Hurts,Lincoln Financial Field
2025_01_KC_LAC,2025,1,2025-09-05,Friday,20:00,Kansas City Chiefs,21.0,Los Angeles Chargers,27.0,Neutral,2025090500,59844.0,202509050sdg,28419.0,401772714,6735.0,dome,,,,00-0033873,00-0036355,Patrick Mahomes,Justin Herbert,SoFi Stadium
2025_01_TB_ATL,2025,1,2025-09-07,Sunday,13:00,Tampa Bay Buccaneers,23.0,Atlanta Falcons,20.0,Home,2025090700,59845.0,202509070atl,28420.0,401772830,6736.0,closed,fieldturf,,,00-0034855,00-0039917,Baker Mayfield,Michael Penix,Mercedes-Benz Stadium
2025_01_CIN_CLE,2025,1,2025-09-07,Sunday,13:00,Cincinnati Bengals,17.0,Cleveland Browns,16.0,Home,2025090701,59846.0,202509070cle,28421.0,401772829,6737.0,outdoors,grass,63.0,10.0,00-0036442,00-0026158,Joe Burrow,Joe Flacco,FirstEnergy Stadium
2025_01_MIA_IND,2025,1,2025-09-07,Sunday,13:00,Miami Dolphins,8.0,Indianapolis Colts,33.0,Home,2025090702,59847.0,202509070clt,28422.0,401772719,6738.0,closed,fieldturf,,,00-0036212,00-0035710,Tua Tagovailoa,Daniel Jones,Lucas Oil Stadium
2025_01_CAR_JAX,2025,1,2025-09-07,Sunday,13:00,Carolina Panthers,10.0,Jacksonville Jaguars,26.0,Home,2025090703,59848.0,202509070jax,28423.0,401772828,6739.0,outdoors,grass,85.0,3.0,00-0039150,00-0036971,Bryce Young,Trevor Lawrence,TIAA Bank Stadium
2025_01_LV_NE,2025,1,2025-09-07,Sunday,13:00,Las Vegas Raiders,20.0,New England Patriots,13.0,Home,2025090704,59849.0,202509070nwe,28424.0,401772720,6740.0,outdoors,fieldturf,62.0,4.0,00-0030565,00-0039851,Geno Smith,Drake Maye,Gillette Stadium
2025_01_ARI_NO,2025,1,2025-09-07,Sunday,13:00,Arizona Cardinals,20.0,New Orleans Saints,13.0,Home,2025090705,59850.0,202509070nor,28425.0,401772718,6741.0,dome,sportturf,,,00-0035228,00-0039376,Kyler Murray,Spencer Rattler,Mercedes-Benz Superdome
2025_01_PIT_NYJ,2025,1,2025-09-07,Sunday,13:00,Pittsburgh Steelers,34.0,New York Jets,32.0,Home,2025090706,59851.0,202509070nyj,28426.0,401772721,6742.0,outdoors,fieldturf,67.0,3.0,00-0023459,00-0036945,Aaron Rodgers,Justin Fields,MetLife Stadium
2025_01_NYG_WAS,2025,1,2025-09-07,Sunday,13:00,New York Giants,6.0,Washington Commanders,21.0,Home,2025090707,59852.0,202509070was,28427.0,401772827,6743.0,outdoors,grass,68.0,5.0,00-0029263,00-0039910,Russell Wilson,Jayden Daniels,FedExField
2025_01_TEN_DEN,2025,1,2025-09-07,Sunday,16:05,Tennessee Titans,12.0,Denver Broncos,20.0,Home,2025090708,59853.0,202509070den,28428.0,401772832,6744.0,outdoors,grass,84.0,6.0,00-0040676,00-0039732,Cam Ward,Bo Nix,Empower Field at Mile High
2025_01_SF_SEA,2025,1,2025-09-07,Sunday,16:05,San Francisco 49ers,17.0,Seattle Seahawks,13.0,Home,2025090709,59854.0,202509070sea,28429.0,401772831,6745.0,outdoors,fieldturf,67.0,6.0,00-0037834,00-0034869,Brock Purdy,Sam Darnold,Lumen Field
2025_01_DET_GB,2025,1,2025-09-07,Sunday,16:25,Detroit Lions,13.0,Green Bay Packers,27.0,Home,2025090710,59855.0,202509070gnb,28430.0,401772722,6746.0,outdoors,grass,60.0,5.0,00-0033106,00-0036264,Jared Goff,Jordan Love,Lambeau Field
2025_01_HOU_LA,2025,1,2025-09-07,Sunday,16:25,Houston Texans,9.0,Los Angeles Rams,14.0,Home,2025090711,59856.0,202509070ram,28431.0,401772723,6747.0,dome,matrixturf,,,00-0039163,00-0026498,C.J. Stroud,Matthew Stafford,SoFi Stadium
2025_01_BAL_BUF,2025,1,2025-09-07,Sunday,20:20,Baltimore Ravens,40.0,Buffalo Bills,41.0,Home,2025090712,59857.0,202509070buf,28432.0,401772918,6748.0,outdoors,a_turf,58.0,8.0,00-0034796,00-0034857,Lamar Jackson,Josh Allen,New Era Field
2025_01_MIN_CHI,2025,1,2025-09-08,Monday,20:15,Minnesota Vikings,27.0,Chicago Bears,24.0,Home,2025090800,59858.0,202509080chi,28433.0,401772810,6749.0,outdoors,grass,68.0,6.0,00-0039923,00-0039918,J.J. McCarthy,Caleb Williams,Soldier Field
2025_02_WAS_GB,2025,2,2025-09-11,Thursday,20:15,Washington Commanders,18.0,Green Bay Packers,27.0,Home,2025091100,59859.0,202509110gnb,28434.0,401772936,6750.0,outdoors,grass,65.0,7.0,00-0039910,00-0036264,Jayden Daniels,Jordan Love,Lambeau Field
2025_02_CLE_BAL,2025,2,2025-09-14,Sunday,13:00,Cleveland Browns,17.0,Baltimore Ravens,41.0,Home,2025091400,59860.0,202509140rav,28435.0,401772726,6751.0,outdoors,grass,82.0,3.0,00-0026158,00-0034796,Joe Flacco,Lamar Jackson,M&T Bank Stadium
2025_02_JAX_CIN,2025,2,2025-09-14,Sunday,13:00,Jacksonville Jaguars,27.0,Cincinnati Bengals,31.0,Home,2025091401,59861.0,202509140cin,28436.0,401772725,6752.0,outdoors,fieldturf,85.0,3.0,00-0036971,00-0036442,Trevor Lawrence,Joe Burrow,Paycor Stadium
2025_02_NYG_DAL,2025,2,2025-09-14,Sunday,13:00,New York Giants,37.0,Dallas Cowboys,40.0,Home,2025091402,59862.0,202509140dal,28437.0,401772834,6753.0,closed,matrixturf,,,00-0029263,00-0033077,Russell Wilson,Dak Prescott,AT&T Stadium
2025_02_CHI_DET,2025,2,2025-09-14,Sunday,13:00,Chicago Bears,21.0,Detroit Lions,52.0,Home,2025091403,59863.0,202509140det,28438.0,401772835,6754.0,dome,fieldturf,,,00-0039918,00-0033106,Caleb Williams,Jared Goff,Ford Field
2025_02_NE_MIA,2025,2,2025-09-14,Sunday,13:00,New England Patriots,33.0,Miami Dolphins,27.0,Home,2025091404,59864.0,202509140mia,28439.0,401772728,6755.0,outdoors,grass,89.0,4.0,00-0039851,00-0036212,Drake Maye,Tua Tagovailoa,Hard Rock Stadium
2025_02_SF_NO,2025,2,2025-09-14,Sunday,13:00,San Francisco 49ers,26.0,New Orleans Saints,21.0,Home,2025091405,59865.0,202509140nor,28440.0,401772833,6756.0,dome,sportturf,,,00-0036972,00-0039376,Mac Jones,Spencer Rattler,Mercedes-Benz Superdome
2025_02_BUF_NYJ,2025,2,2025-09-14,Sunday,13:00,Buffalo Bills,30.0,New York Jets,10.0,Home,2025091406,59866.0,202509140nyj,28441.0,401772727,6757.0,outdoors,fieldturf,80.0,3.0,00-0034857,00-0036945,Josh Allen,Justin Fields,MetLife Stadium
2025_02_SEA_PIT,2025,2,2025-09-14,Sunday,13:00,Seattle Seahawks,31.0,Pittsburgh Steelers,17.0,Home,2025091407,59867.0,202509140pit,28442.0,401772836,6758.0,outdoors,grass,79.0,5.0,00-0034869,00-0023459,Sam Darnold,Aaron Rodgers,Acrisure Stadium
2025_02_LA_TEN,2025,2,2025-09-14,Sunday,13:00,Los Angeles Rams,33.0,Tennessee Titans,19.0,Home,2025091408,59868.0,202509140oti,28443.0,401772724,6759.0,outdoors,grass,83.0,3.0,00-0026498,00-0040676,Matthew Stafford,Cam Ward,Nissan Stadium
2025_02_CAR_ARI,2025,2,2025-09-14,Sunday,16:05,Carolina Panthers,22.0,Arizona Cardinals,27.0,Home,2025091409,59869.0,202509140crd,28445.0,401772730,6760.0,closed,grass,,,00-0039150,00-0035228,Bryce Young,Kyler Murray,State Farm Stadium
2025_02_DEN_IND,2025,2,2025-09-14,Sunday,16:05,Denver Broncos,28.0,Indianapolis Colts,29.0,Home,2025091410,59870.0,202509140clt,28444.0,401772729,6761.0,closed,fieldturf,,,00-0039732,00-0035710,Bo Nix,Daniel Jones,Lucas Oil Stadium
2025_02_PHI_KC,2025,2,2025-09-14,Sunday,16:25,Philadelphia Eagles,20.0,Kansas City Chiefs,17.0,Home,2025091411,59871.0,202509140kan,28446.0,401772837,6762.0,outdoors,grass,88.0,12.0,00-0036389,00-0033873,Jalen Hurts,Patrick Mahomes,GEHA Field at Arrowhead Stadium
2025_02_ATL_MIN,2025,2,2025-09-14,Sunday,20:20,Atlanta Falcons,22.0,Minnesota Vikings,6.0,Home,2025091412,59872.0,202509140min,28447.0,401772919,6763.0,dome,sportturf,,,00-0039917,00-0039923,Michael Penix,J.J. McCarthy,U.S. Bank Stadium
2025_02_TB_HOU,2025,2,2025-09-15,Monday,19:00,Tampa Bay Buccaneers,20.0,Houston Texans,19.0,Home,2025091500,59873.0,202509150htx,28448.0,401772715,6765.0,closed,astroturf,,,00-0034855,00-0039163,Baker Mayfield,C.J. Stroud,NRG Stadium
2025_02_LAC_LV,2025,2,2025-09-15,Monday,22:00,Los Angeles Chargers,20.0,Las Vegas Raiders,9.0,Home,2025091501,59874.0,202509150rai,28449.0,401772811,6764.0,dome,grass,,,00-0036355,00-0030565,Justin Herbert,Geno Smith,Allegiant Stadium
2025_03_MIA_BUF,2025,3,2025-09-18,Thursday,20:15,Miami Dolphins,21.0,Buffalo Bills,31.0,Home,2025091800,59875.0,202509180buf,28450.0,401772937,6766.0,outdoors,a_turf,68.0,7.0,00-0036212,00-0034857,Tua Tagovailoa,Josh Allen,New Era Field
2025_03_ATL_CAR,2025,3,2025-09-21,Sunday,13:00,Atlanta Falcons,0.0,Carolina Panthers,30.0,Home,2025092100,59876.0,202509210car,28452.0,401772838,6767.0,outdoors,grass,83.0,5.0,00-0039917,00-0039150,Michael Penix,Bryce Young,Bank of America Stadium
2025_03_GB_CLE,2025,3,2025-09-21,Sunday,13:00,Green Bay Packers,10.0,Cleveland Browns,13.0,Home,2025092101,59877.0,202509210cle,28453.0,401772842,6768.0,outdoors,grass,79.0,10.0,00-0036264,00-0026158,Jordan Love,Joe Flacco,FirstEnergy Stadium
2025_03_HOU_JAX,2025,3,2025-09-21,Sunday,13:00,Houston Texans,10.0,Jacksonville Jaguars,17.0,Home,2025092102,59878.0,202509210jax,28454.0,401772734,6769.0,outdoors,grass,85.0,11.0,00-0039163,00-0036971,C.J. Stroud,Trevor Lawrence,TIAA Bank Stadium
2025_03_CIN_MIN,2025,3,2025-09-21,Sunday,13:00,Cincinnati Bengals,10.0,Minnesota Vikings,48.0,Home,2025092103,59879.0,202509210min,28455.0,401772731,6770.0,dome,sportturf,,,00-0035100,00-0032950,Jake Browning,Carson Wentz,U.S. Bank Stadium
2025_03_PIT_NE,2025,3,2025-09-21,Sunday,13:00,Pittsburgh Steelers,21.0,New England Patriots,14.0,Home,2025092104,59880.0,202509210nwe,28456.0,401772732,6771.0,outdoors,fieldturf,66.0,5.0,00-0023459,00-0039851,Aaron Rodgers,Drake Maye,Gillette Stadium
2025_03_LA_PHI,2025,3,2025-09-21,Sunday,13:00,Los Angeles Rams,26.0,Philadelphia Eagles,33.0,Home,2025092105,59881.0,202509210phi,28457.0,401772839,6772.0,outdoors,grass,73.0,9.0,00-0026498,00-0036389,Matthew Stafford,Jalen Hurts,Lincoln Financial Field
2025_03_NYJ_TB,2025,3,2025-09-21,Sunday,13:00,New York Jets,27.0,Tampa Bay Buccaneers,29.0,Home,2025092106,59882.0,202509210tam,28458.0,401772840,6773.0,outdoors,grass,88.0,5.0,00-0028118,00-0034855,Tyrod Taylor,Baker Mayfield,Raymond James Stadium
2025_03_IND_TEN,2025,3,2025-09-21,Sunday,13:00,Indianapolis Colts,41.0,Tennessee Titans,20.0,Home,2025092107,59883.0,202509210oti,28459.0,401772733,6774.0,outdoors,grass,84.0,8.0,00-0035710,00-0040676,Daniel Jones,Cam Ward,Nissan Stadium
2025_03_LV_WAS,2025,3,2025-09-21,Sunday,13:00,Las Vegas Raiders,24.0,Washington Commanders,41.0,Home,2025092108,59884.0,202509210was,28460.0,401772841,6775.0,outdoors,grass,72.0,6.0,00-0030565,00-0032268,Geno Smith,Marcus Mariota,FedExField
2025_03_DEN_LAC,2025,3,2025-09-21,Sunday,16:05,Denver Broncos,20.0,Los Angeles Chargers,23.0,Home,2025092109,59885.0,202509210sdg,28461.0,401772735,6776.0,dome,matrixturf,,,00-0039732,00-0036355,Bo Nix,Justin Herbert,SoFi Stadium
2025_03_NO_SEA,2025,3,2025-09-21,Sunday,16:05,New Orleans Saints,13.0,Seattle Seahawks,44.0,Home,2025092110,59886.0,202509210sea,28462.0,401772736,6777.0,outdoors,fieldturf,63.0,3.0,00-0039376,00-0034869,Spencer Rattler,Sam Darnold,Lumen Field
2025_03_DAL_CHI,2025,3,2025-09-21,Sunday,16:25,Dallas Cowboys,14.0,Chicago Bears,31.0,Home,2025092111,59887.0,202509210chi,28463.0,401772844,6778.0,outdoors,grass,82.0,4.0,00-0033077,00-0039918,Dak Prescott,Caleb Williams,Soldier Field
2025_03_ARI_SF,2025,3,2025-09-21,Sunday,16:25,Arizona Cardinals,15.0,San Francisco 49ers,16.0,Home,2025092112,59888.0,202509210sfo,28464.0,401772843,6779.0,outdoors,grass,72.0,7.0,00-0035228,00-0036972,Kyler Murray,Mac Jones,Levi's Stadium
2025_03_KC_NYG,2025,3,2025-09-21,Sunday,20:20,Kansas City Chiefs,22.0,New York Giants,9.0,Home,2025092113,59889.0,202509210nyg,28465.0,401772920,6780.0,outdoors,fieldturf,65.0,5.0,00-0033873,00-0029263,Patrick Mahomes,Russell Wilson,MetLife Stadium
2025_03_DET_BAL,2025,3,2025-09-22,Monday,20:15,Detroit Lions,38.0,Baltimore Ravens,30.0,Home,2025092200,59890.0,202509220rav,28451.0,401772812,6781.0,outdoors,grass,74.0,7.0,00-0033106,00-0034796,Jared Goff,Lamar Jackson,M&T Bank Stadium
2025_04_SEA_ARI,2025,4,2025-09-25,Thursday,20:15,Seattle Seahawks,23.0,Arizona Cardinals,20.0,Home,2025092500,59891.0,202509250crd,28466.0,401772938,6782.0,closed,grass,,,00-0034869,00-0035228,Sam Darnold,Kyler Murray,State Farm Stadium
2025_04_MIN_PIT,2025,4,2025-09-28,Sunday,09:30,Minnesota Vikings,21.0,Pittsburgh Steelers,24.0,Neutral,2025092800,59892.0,202509280pit,28467.0,401772632,6783.0,outdoors,grass,61.0,5.0,00-0032950,00-0023459,Carson Wentz,Aaron Rodgers,Acrisure Stadium
2025_04_WAS_ATL,2025,4,2025-09-28,Sunday,13:00,Washington Commanders,27.0,Atlanta Falcons,34.0,Home,2025092801,59893.0,202509280atl,28468.0,401772739,6784.0,closed,fieldturf,,,00-0039910,00-0039917,Jayden Daniels,Michael Penix,Mercedes-Benz Stadium
2025_04_NO_BUF,2025,4,2025-09-28,Sunday,13:00,New Orleans Saints,19.0,Buffalo Bills,31.0,Home,2025092802,59894.0,202509280buf,28469.0,401772740,6785.0,outdoors,a_turf,73.0,7.0,00-0039376,00-0034857,Spencer Rattler,Josh Allen,New Era Field
2025_04_CLE_DET,2025,4,2025-09-28,Sunday,13:00,Cleveland Browns,10.0,Detroit Lions,34.0,Home,2025092803,59895.0,202509280det,28470.0,401772846,6786.0,dome,fieldturf,,,00-0026158,00-0033106,Joe Flacco,Jared Goff,Ford Field
2025_04_TEN_HOU,2025,4,2025-09-28,Sunday,13:00,Tennessee Titans,0.0,Houston Texans,26.0,Home,2025092804,59896.0,202509280htx,28471.0,401772738,6787.0,closed,astroturf,,,00-0040676,00-0039163,Cam Ward,C.J. Stroud,NRG Stadium
2025_04_CAR_NE,2025,4,2025-09-28,Sunday,13:00,Carolina Panthers,13.0,New England Patriots,42.0,Home,2025092805,59897.0,202509280nwe,28472.0,401772847,6788.0,outdoors,fieldturf,76.0,7.0,00-0039150,00-0039851,Bryce Young,Drake Maye,Gillette Stadium
2025_04_LAC_NYG,2025,4,2025-09-28,Sunday,13:00,Los Angeles Chargers,18.0,New York Giants,21.0,Home,2025092806,59898.0,202509280nyg,28473.0,401772737,6789.0,outdoors,fieldturf,81.0,4.0,00-0036355,00-0040691,Justin Herbert,Jaxson Dart,MetLife Stadium
2025_04_PHI_TB,2025,4,2025-09-28,Sunday,13:00,Philadelphia Eagles,31.0,Tampa Bay Buccaneers,25.0,Home,2025092807,59899.0,202509280tam,28474.0,401772845,6790.0,outdoors,grass,88.0,6.0,00-0036389,00-0034855,Jalen Hurts,Baker Mayfield,Raymond James Stadium
2025_04_IND_LA,2025,4,2025-09-28,Sunday,16:05,Indianapolis Colts,20.0,Los Angeles Rams,27.0,Home,2025092808,59900.0,202509280ram,28475.0,401772849,6791.0,dome,matrixturf,,,00-0035710,00-0026498,Daniel Jones,Matthew Stafford,SoFi Stadium
2025_04_JAX_SF,2025,4,2025-09-28,Sunday,16:05,Jacksonville Jaguars,26.0,San Francisco 49ers,21.0,Home,2025092809,59901.0,202509280sfo,28476.0,401772848,6792.0,outdoors,grass,72.0,7.0,00-0036971,00-0037834,Trevor Lawrence,Brock Purdy,Levi's Stadium
2025_04_BAL_KC,2025,4,2025-09-28,Sunday,16:25,Baltimore Ravens,20.0,Kansas City Chiefs,37.0,Home,2025092810,59902.0,202509280kan,28478.0,401772741,6793.0,outdoors,grass,89.0,10.0,00-0034796,00-0033873,Lamar Jackson,Patrick Mahomes,GEHA Field at Arrowhead Stadium
2025_04_CHI_LV,2025,4,2025-09-28,Sunday,16:25,Chicago Bears,25.0,Las Vegas Raiders,24.0,Home,2025092811,59903.0,202509280rai,28477.0,401772742,6794.0,dome,grass,,,00-0039918,00-0030565,Caleb Williams,Geno Smith,Allegiant Stadium
2025_04_GB_DAL,2025,4,2025-09-28,Sunday,20:20,Green Bay Packers,40.0,Dallas Cowboys,40.0,Home,2025092812,59904.0,202509280dal,28479.0,401772921,6795.0,closed,matrixturf,,,00-0036264,00-0033077,Jordan Love,Dak Prescott,AT&T Stadium
2025_04_NYJ_MIA,2025,4,2025-09-29,Monday,19:15,New York Jets,21.0,Miami Dolphins,27.0,Home,2025092900,59905.0,202509290mia,28481.0,401772813,6796.0,outdoors,grass,88.0,17.0,00-0036945,00-0036212,Justin Fields,Tua Tagovailoa,Hard Rock Stadium
2025_04_CIN_DEN,2025,4,2025-09-29,Monday,20:15,Cincinnati Bengals,3.0,Denver Broncos,28.0,Home,2025092901,59906.0,202509290den,28480.0,401772716,6797.0,outdoors,grass,66.0,12.0,00-0035100,00-0039732,Jake Browning,Bo Nix,Empower Field at Mile High
2025_05_SF_LA,2025,5,2025-10-02,Thursday,20:15,San Francisco 49ers,26.0,Los Angeles Rams,23.0,Home,2025100200,59907.0,202510020ram,28482.0,401772939,6798.0,dome,matrixturf,,,00-0036972,00-0026498,Mac Jones,Matthew Stafford,SoFi Stadium
2025_05_MIN_CLE,2025,5,2025-10-05,Sunday,09:30,Minnesota Vikings,21.0,Cleveland Browns,17.0,Neutral,2025100500,59908.0,202510050cle,28483.0,401772633,6799.0,outdoors,grass,61.0,14.0,00-0032950,00-0040704,Carson Wentz,Dillon Gabriel,FirstEnergy Stadium
2025_05_HOU_BAL,2025,5,2025-10-05,Sunday,13:00,Houston Texans,44.0,Baltimore Ravens,10.0,Home,2025100501,59909.0,202510050rav,28484.0,401772743,6800.0,outdoors,grass,78.0,2.0,00-0039163,00-0033662,C.J. Stroud,Cooper Rush,M&T Bank Stadium
2025_05_MIA_CAR,2025,5,2025-10-05,Sunday,13:00,Miami Dolphins,24.0,Carolina Panthers,27.0,Home,2025100502,59910.0,202510050car,28485.0,401772852,6801.0,outdoors,grass,77.0,8.0,00-0036212,00-0039150,Tua Tagovailoa,Bryce Young,Bank of America Stadium
2025_05_LV_IND,2025,5,2025-10-05,Sunday,13:00,Las Vegas Raiders,6.0,Indianapolis Colts,40.0,Home,2025100503,59911.0,202510050clt,28486.0,401772851,6802.0,closed,fieldturf,,,00-0030565,00-0035710,Geno Smith,Daniel Jones,Lucas Oil Stadium
2025_05_NYG_NO,2025,5,2025-10-05,Sunday,13:00,New York Giants,14.0,New Orleans Saints,26.0,Home,2025100504,59912.0,202510050nor,28487.0,401772744,6803.0,dome,sportturf,,,00-0040691,00-0039376,Jaxson Dart,Spencer Rattler,Mercedes-Benz Superdome
2025_05_DAL_NYJ,2025,5,2025-10-05,Sunday,13:00,Dallas Cowboys,37.0,New York Jets,22.0,Home,2025100505,59913.0,202510050nyj,28488.0,401772850,6804.0,outdoors,fieldturf,82.0,3.0,00-0033077,00-0036945,Dak Prescott,Justin Fields,MetLife Stadium
2025_05_DEN_PHI,2025,5,2025-10-05,Sunday,13:00,Denver Broncos,21.0,Philadelphia Eagles,17.0,Home,2025100506,59914.0,202510050phi,28489.0,401772745,6805.0,outdoors,grass,80.0,6.0,00-0039732,00-0036389,Bo Nix,Jalen Hurts,Lincoln Financial Field
2025_05_TEN_ARI,2025,5,2025-10-05,Sunday,16:05,Tennessee Titans,22.0,Arizona Cardinals,21.0,Home,2025100507,59915.0,202510050crd,28491.0,401772747,6806.0,closed,grass,,,00-0040676,00-0035228,Cam Ward,Kyler Murray,State Farm Stadium
2025_05_TB_SEA,2025,5,2025-10-05,Sunday,16:05,Tampa Bay Buccaneers,38.0,Seattle Seahawks,35.0,Home,2025100508,59916.0,202510050sea,28490.0,401772746,6807.0,outdoors,fieldturf,61.0,8.0,00-0034855,00-0034869,Baker Mayfield,Sam Darnold,Lumen Field
2025_05_DET_CIN,2025,5,2025-10-05,Sunday,16:25,Detroit Lions,37.0,Cincinnati Bengals,24.0,Home,2025100509,59917.0,202510050cin,28492.0,401772854,6808.0,outdoors,fieldturf,84.0,7.0,00-0033106,00-0035100,Jared Goff,Jake Browning,Paycor Stadium
2025_05_WAS_LAC,2025,5,2025-10-05,Sunday,16:25,Washington Commanders,27.0,Los Angeles Chargers,10.0,Home,2025100510,59918.0,202510050sdg,28493.0,401772853,6809.0,dome,matrixturf,,,00-0039910,00-0036355,Jayden Daniels,Justin Herbert,SoFi Stadium
2025_05_NE_BUF,2025,5,2025-10-05,Sunday,20:20,New England Patriots,23.0,Buffalo Bills,20.0,Home,2025100511,59919.0,202510050buf,28494.0,401772922,6810.0,outdoors,a_turf,66.0,3.0,00-0039851,00-0034857,Drake Maye,Josh Allen,New Era Field
2025_05_KC_JAX,2025,5,2025-10-06,Monday,20:15,Kansas City Chiefs,28.0,Jacksonville Jaguars,31.0,Home,2025100600,59920.0,202510060jax,28495.0,401772814,6811.0,outdoors,grass,80.0,12.0,00-0033873,00-0036971,Patrick Mahomes,Trevor Lawrence,TIAA Bank Stadium
2025_06_PHI_NYG,2025,6,2025-10-09,Thursday,20:15,Philadelphia Eagles,17.0,New York Giants,34.0,Home,2025100900,59921.0,202510090nyg,28496.0,401772940,6812.0,outdoors,fieldturf,53.0,3.0,00-0036389,00-0040691,Jalen Hurts,Jaxson Dart,MetLife Stadium
2025_06_DEN_NYJ,2025,6,2025-10-12,Sunday,09:30,Denver Broncos,13.0,New York Jets,11.0,Neutral,2025101200,59922.0,202510120nyj,28497.0,401772634,6813.0,outdoors,grass,59.0,6.0,00-0039732,00-0036945,Bo Nix,Justin Fields,MetLife Stadium
2025_06_LA_BAL,2025,6,2025-10-12,Sunday,13:00,Los Angeles Rams,17.0,Baltimore Ravens,3.0,Home,2025101201,59923.0,202510120rav,28498.0,401772855,6814.0,outdoors,grass,64.0,15.0,00-0026498,00-0033662,Matthew Stafford,Cooper Rush,M&T Bank Stadium
2025_06_DAL_CAR,2025,6,2025-10-12,Sunday,13:00,Dallas Cowboys,27.0,Carolina Panthers,30.0,Home,2025101202,59924.0,202510120car,28499.0,401772858,6815.0,outdoors,grass,68.0,15.0,00-0033077,00-0039150,Dak Prescott,Bryce Young,Bank of America Stadium
2025_06_ARI_IND,2025,6,2025-10-12,Sunday,13:00,Arizona Cardinals,27.0,Indianapolis Colts,31.0,Home,2025101203,59925.0,202510120clt,28500.0,401772856,6816.0,closed,fieldturf,,,00-0033119,00-0035710,Jacoby Brissett,Daniel Jones,Lucas Oil Stadium
2025_06_SEA_JAX,2025,6,2025-10-12,Sunday,13:00,Seattle Seahawks,20.0,Jacksonville Jaguars,12.0,Home,2025101204,59926.0,202510120jax,28501.0,401772857,6817.0,outdoors,grass,76.0,8.0,00-0034869,00-0036971,Sam Darnold,Trevor Lawrence,TIAA Bank Stadium
2025_06_LAC_MIA,2025,6,2025-10-12,Sunday,13:00,Los Angeles Chargers,29.0,Miami Dolphins,27.0,Home,2025101205,59927.0,202510120mia,28502.0,401772750,6818.0,outdoors,grass,85.0,4.0,00-0036355,00-0036212,Justin Herbert,Tua Tagovailoa,Hard Rock Stadium
2025_06_NE_NO,2025,6,2025-10-12,Sunday,13:00,New England Patriots,25.0,New Orleans Saints,19.0,Home,2025101210,59932.0,202510120nor,28507.0,401772751,6823.0,dome,sportturf,,,00-0039851,00-0039376,Drake Maye,Spencer Rattler,Mercedes-Benz Superdome
2025_06_CLE_PIT,2025,6,2025-10-12,Sunday,13:00,Cleveland Browns,9.0,Pittsburgh Steelers,23.0,Home,2025101206,59928.0,202510120pit,28503.0,401772748,6819.0,outdoors,grass,64.0,8.0,00-0040704,00-0023459,Dillon Gabriel,Aaron Rodgers,Acrisure Stadium
2025_06_TEN_LV,2025,6,2025-10-12,Sunday,16:05,Tennessee Titans,10.0,Las Vegas Raiders,20.0,Home,2025101208,59930.0,202510120rai,28505.0,401772859,6821.0,dome,grass,,,00-0040676,00-0030565,Cam Ward,Geno Smith,Allegiant Stadium
2025_06_CIN_GB,2025,6,2025-10-12,Sunday,16:25,Cincinnati Bengals,18.0,Green Bay Packers,27.0,Home,2025101209,59931.0,202510120gnb,28506.0,401772752,6822.0,outdoors,grass,64.0,14.0,00-0026158,00-0036264,Joe Flacco,Jordan Love,Lambeau Field
2025_06_SF_TB,2025,6,2025-10-12,Sunday,16:25,San Francisco 49ers,19.0,Tampa Bay Buccaneers,30.0,Home,2025101207,59929.0,202510120tam,28504.0,401772749,6820.0,outdoors,grass,82.0,10.0,00-0036972,00-0034855,Mac Jones,Baker Mayfield,Raymond James Stadium
2025_06_DET_KC,2025,6,2025-10-12,Sunday,20:20,Detroit Lions,17.0,Kansas City Chiefs,30.0,Home,2025101211,59933.0,202510120kan,28508.0,401772923,6824.0,outdoors,grass,85.0,13.0,00-0033106,00-0033873,Jared Goff,Patrick Mahomes,GEHA Field at Arrowhead Stadium
2025_06_BUF_ATL,2025,6,2025-10-13,Monday,19:15,Buffalo Bills,14.0,Atlanta Falcons,24.0,Home,2025101300,59934.0,202510130atl,28509.0,401772815,6825.0,closed,fieldturf,,,00-0034857,00-0039917,Josh Allen,Michael Penix,Mercedes-Benz Stadium
2025_06_CHI_WAS,2025,6,2025-10-13,Monday,20:15,Chicago Bears,25.0,Washington Commanders,24.0,Home,2025101301,59935.0,202510130was,28510.0,401772717,6826.0,outdoors,grass,59.0,12.0,00-0039918,00-0039910,Caleb Williams,Jayden Daniels,FedExField
2025_07_PIT_CIN,2025,7,2025-10-16,Thursday,20:15,Pittsburgh Steelers,31.0,Cincinnati Bengals,33.0,Home,2025101600,59936.0,202510160cin,28511.0,401772941,6827.0,outdoors,fieldturf,60.0,5.0,00-0023459,00-0026158,Aaron Rodgers,Joe Flacco,Paycor Stadium
2025_07_LA_JAX,2025,7,2025-10-19,Sunday,09:30,Los Angeles Rams,35.0,Jacksonville Jaguars,7.0,Neutral,2025101900,59937.0,202510190jax,28512.0,401772635,6828.0,outdoors,grass,59.0,9.0,00-0026498,00-0036971,Matthew Stafford,Trevor Lawrence,TIAA Bank Stadium
2025_07_NO_CHI,2025,7,2025-10-19,Sunday,13:00,New Orleans Saints,14.0,Chicago Bears,26.0,Home,2025101901,59938.0,202510190chi,28513.0,401772861,6829.0,outdoors,grass,49.0,8.0,00-0039376,00-0039918,Spencer Rattler,Caleb Williams,Soldier Field
2025_07_MIA_CLE,2025,7,2025-10-19,Sunday,13:00,Miami Dolphins,6.0,Cleveland Browns,31.0,Home,2025101902,59939.0,202510190cle,28514.0,401772754,6830.0,outdoors,grass,65.0,17.0,00-0036212,00-0040704,Tua Tagovailoa,Dillon Gabriel,FirstEnergy Stadium
2025_07_LV_KC,2025,7,2025-10-19,Sunday,13:00,Las Vegas Raiders,0.0,Kansas City Chiefs,31.0,Home,2025101903,59940.0,202510190kan,28515.0,401772753,6831.0,outdoors,grass,57.0,9.0,00-0030565,00-0033873,Geno Smith,Patrick Mahomes,GEHA Field at Arrowhead Stadium
2025_07_PHI_MIN,2025,7,2025-10-19,Sunday,13:00,Philadelphia Eagles,28.0,Minnesota Vikings,22.0,Home,2025101904,59941.0,202510190min,28516.0,401772862,6832.0,dome,sportturf,,,00-0036389,00-0032950,Jalen Hurts,Carson Wentz,U.S. Bank Stadium
2025_07_CAR_NYJ,2025,7,2025-10-19,Sunday,13:00,Carolina Panthers,13.0,New York Jets,6.0,Home,2025101905,59942.0,202510190nyj,28517.0,401772860,6833.0,outdoors,fieldturf,71.0,13.0,00-0039150,00-0036945,Bryce Young,Justin Fields,MetLife Stadium
2025_07_NE_TEN,2025,7,2025-10-19,Sunday,13:00,New England Patriots,31.0,Tennessee Titans,13.0,Home,2025101906,59943.0,202510190oti,28518.0,401772755,6834.0,outdoors,grass,60.0,18.0,00-0039851,00-0040676,Drake Maye,Cam Ward,Nissan Stadium
2025_07_NYG_DEN,2025,7,2025-10-19,Sunday,16:05,New York Giants,32.0,Denver Broncos,33.0,Home,2025101907,59944.0,202510190den,28519.0,401772757,6835.0,outdoors,grass,72.0,3.0,00-0040691,00-0039732,Jaxson Dart,Bo Nix,Empower Field at Mile High
2025_07_IND_LAC,2025,7,2025-10-19,Sunday,16:05,Indianapolis Colts,38.0,Los Angeles Chargers,24.0,Home,2025101908,59945.0,202510190sdg,28520.0,401772756,6836.0,dome,matrixturf,,,00-0035710,00-0036355,Daniel Jones,Justin Herbert,SoFi Stadium
2025_07_GB_ARI,2025,7,2025-10-19,Sunday,16:25,Green Bay Packers,27.0,Arizona Cardinals,23.0,Home,2025101909,59946.0,202510190crd,28521.0,401772863,6837.0,closed,grass,,,00-0036264,00-0033119,Jordan Love,Jacoby Brissett,State Farm Stadium
2025_07_WAS_DAL,2025,7,2025-10-19,Sunday,16:25,Washington Commanders,22.0,Dallas Cowboys,44.0,Home,2025101910,59947.0,202510190dal,28522.0,401772864,6838.0,closed,matrixturf,,,00-0039910,00-0033077,Jayden Daniels,Dak Prescott,AT&T Stadium
2025_07_ATL_SF,2025,7,2025-10-19,Sunday,20:20,Atlanta Falcons,10.0,San Francisco 49ers,20.0,Home,2025101911,59948.0,202510190sfo,28523.0,401772924,6839.0,outdoors,grass,74.0,5.0,00-0039917,00-0036972,Michael Penix,Mac Jones,Levi's Stadium
2025_07_TB_DET,2025,7,2025-10-20,Monday,19:00,Tampa Bay Buccaneers,9.0,Detroit Lions,24.0,Home,2025102000,59949.0,202510200det,28524.0,401772816,6841.0,dome,fieldturf,,,00-0034855,00-0033106,Baker Mayfield,Jared Goff,Ford Field
2025_07_HOU_SEA,2025,7,2025-10-20,Monday,22:00,Houston Texans,19.0,Seattle Seahawks,27.0,Home,2025102001,59950.0,202510200sea,28525.0,401772826,6840.0,outdoors,fieldturf,56.0,5.0,00-0039163,00-0034869,C.J. Stroud,Sam Darnold,Lumen Field
2025_08_MIN_LAC,2025,8,2025-10-23,Thursday,20:15,Minnesota Vikings,10.0,Los Angeles Chargers,37.0,Home,2025102300,59951.0,202510230sdg,28526.0,401772942,6842.0,dome,matrixturf,,,00-0032950,00-0036355,Carson Wentz,Justin Herbert,SoFi Stadium
2025_08_MIA_ATL,2025,8,2025-10-26,Sunday,13:00,Miami Dolphins,34.0,Atlanta Falcons,10.0,Home,2025102600,59952.0,202510260atl,28527.0,401772760,6843.0,closed,fieldturf,,,00-0036212,00-0029604,Tua Tagovailoa,Kirk Cousins,Mercedes-Benz Stadium
2025_08_CHI_BAL,2025,8,2025-10-26,Sunday,13:00,Chicago Bears,16.0,Baltimore Ravens,30.0,Home,2025102601,59953.0,202510260rav,28528.0,401772759,6844.0,outdoors,grass,60.0,2.0,00-0039918,00-0035993,Caleb Williams,Tyler Huntley,M&T Bank Stadium
2025_08_BUF_CAR,2025,8,2025-10-26,Sunday,13:00,Buffalo Bills,40.0,Carolina Panthers,9.0,Home,2025102602,59954.0,202510260car,28529.0,401772865,6845.0,outdoors,grass,63.0,9.0,00-0034857,00-0039150,Josh Allen,Bryce Young,Bank of America Stadium
2025_08_NYJ_CIN,2025,8,2025-10-26,Sunday,13:00,New York Jets,39.0,Cincinnati Bengals,38.0,Home,2025102603,59955.0,202510260cin,28530.0,401772758,6846.0,outdoors,fieldturf,57.0,8.0,00-0036945,00-0026158,Justin Fields,Joe Flacco,Paycor Stadium
2025_08_SF_HOU,2025,8,2025-10-26,Sunday,13:00,San Francisco 49ers,15.0,Houston Texans,26.0,Home,2025102604,59956.0,202510260htx,28531.0,401772866,6847.0,closed,astroturf,,,00-0036972,00-0039163,Mac Jones,C.J. Stroud,NRG Stadium
2025_08_CLE_NE,2025,8,2025-10-26,Sunday,13:00,Cleveland Browns,13.0,New England Patriots,32.0,Home,2025102605,59957.0,202510260nwe,28532.0,401772868,6848.0,outdoors,fieldturf,53.0,7.0,00-0040704,00-0039851,Dillon Gabriel,Drake Maye,Gillette Stadium
2025_08_NYG_PHI,2025,8,2025-10-26,Sunday,13:00,New York Giants,20.0,Philadelphia Eagles,38.0,Home,2025102606,59958.0,202510260phi,28533.0,401772867,6849.0,outdoors,grass,60.0,4.0,00-0040691,00-0036389,Jaxson Dart,Jalen Hurts,Lincoln Financial Field
2025_08_TB_NO,2025,8,2025-10-26,Sunday,16:05,Tampa Bay Buccaneers,23.0,New Orleans Saints,3.0,Home,2025102607,59959.0,202510260nor,28534.0,401772869,6850.0,dome,sportturf,,,00-0034855,00-0039376,Baker Mayfield,Spencer Rattler,Mercedes-Benz Superdome
2025_08_DAL_DEN,2025,8,2025-10-26,Sunday,16:25,Dallas Cowboys,24.0,Denver Broncos,44.0,Home,2025102608,59960.0,202510260den,28535.0,401772762,6851.0,outdoors,grass,67.0,4.0,00-0033077,00-0039732,Dak Prescott,Bo Nix,Empower Field at Mile High
2025_08_TEN_IND,2025,8,2025-10-26,Sunday,16:25,Tennessee Titans,14.0,Indianapolis Colts,38.0,Home,2025102609,59961.0,202510260clt,28536.0,401772761,6852.0,closed,fieldturf,,,00-0040676,00-0035710,Cam Ward,Daniel Jones,Lucas Oil Stadium
2025_08_GB_PIT,2025,8,2025-10-26,Sunday,20:20,Green Bay Packers,35.0,Pittsburgh Steelers,25.0,Home,2025102610,59962.0,202510260pit,28537.0,401772925,6853.0,outdoors,grass,46.0,5.0,00-0036264,00-0023459,Jordan Love,Aaron Rodgers,Acrisure Stadium
2025_08_WAS_KC,2025,8,2025-10-27,Monday,20:15,Washington Commanders,7.0,Kansas City Chiefs,28.0,Home,2025102700,59963.0,202510270kan,28538.0,401772817,6854.0,outdoors,grass,54.0,8.0,00-0039910,00-0033873,Jayden Daniels,Patrick Mahomes,GEHA Field at Arrowhead Stadium
2025_09_BAL_MIA,2025,9,2025-10-30,Thursday,20:15,Baltimore Ravens,28.0,Miami Dolphins,6.0,Home,2025103000,59964.0,202510300mia,28539.0,401772943,6855.0,outdoors,grass,73.0,5.0,00-0034796,00-0036212,Lamar Jackson,Tua Tagovailoa,Hard Rock Stadium
2025_09_CHI_CIN,2025,9,2025-11-02,Sunday,13:00,Chicago Bears,47.0,Cincinnati Bengals,42.0,Home,2025110200,59965.0,202511020cin,28540.0,401772765,6856.0,outdoors,fieldturf,50.0,6.0,00-0039918,00-0026158,Caleb Williams,Joe Flacco,Paycor Stadium
2025_09_MIN_DET,2025,9,2025-11-02,Sunday,13:00,Minnesota Vikings,27.0,Detroit Lions,24.0,Home,2025110201,59966.0,202511020det,28541.0,401772871,6857.0,dome,fieldturf,,,00-0039923,00-0033106,J.J. McCarthy,Jared Goff,Ford Field
2025_09_CAR_GB,2025,9,2025-11-02,Sunday,13:00,Carolina Panthers,16.0,Green Bay Packers,13.0,Home,2025110202,59967.0,202511020gnb,28542.0,401772872,6858.0,outdoors,grass,47.0,15.0,00-0039150,00-0036264,Bryce Young,Jordan Love,Lambeau Field
2025_09_DEN_HOU,2025,9,2025-11-02,Sunday,13:00,Denver Broncos,18.0,Houston Texans,15.0,Home,2025110203,59968.0,202511020htx,28543.0,401772870,6859.0,closed,astroturf,,,00-0039732,00-0039163,Bo Nix,C.J. Stroud,NRG Stadium
2025_09_ATL_NE,2025,9,2025-11-02,Sunday,13:00,Atlanta Falcons,23.0,New England Patriots,24.0,Home,2025110204,59969.0,202511020nwe,28544.0,401772763,6860.0,outdoors,fieldturf,52.0,7.0,00-0039917,00-0039851,Michael Penix,Drake Maye,Gillette Stadium
2025_09_SF_NYG,2025,9,2025-11-02,Sunday,13:00,San Francisco 49ers,34.0,New York Giants,24.0,Home,2025110205,59970.0,202511020nyg,28545.0,401772767,6861.0,outdoors,fieldturf,56.0,5.0,00-0036972,00-0040691,Mac Jones,Jaxson Dart,MetLife Stadium
2025_09_IND_PIT,2025,9,2025-11-02,Sunday,13:00,Indianapolis Colts,20.0,Pittsburgh Steelers,27.0,Home,2025110206,59971.0,202511020pit,28546.0,401772766,6862.0,outdoors,grass,56.0,2.0,00-0035710,00-0023459,Daniel Jones,Aaron Rodgers,Acrisure Stadium
2025_09_LAC_TEN,2025,9,2025-11-02,Sunday,13:00,Los Angeles Chargers,27.0,Tennessee Titans,20.0,Home,2025110207,59972.0,202511020oti,28547.0,401772764,6863.0,outdoors,grass,46.0,5.0,00-0036355,00-0040676,Justin Herbert,Cam Ward,Nissan Stadium
2025_09_NO_LA,2025,9,2025-11-02,Sunday,16:05,New Orleans Saints,10.0,Los Angeles Rams,34.0,Home,2025110208,59973.0,202511020ram,28548.0,401772874,6864.0,dome,matrixturf,,,00-0040743,00-0026498,Tyler Shough,Matthew Stafford,SoFi Stadium
2025_09_JAX_LV,2025,9,2025-11-02,Sunday,16:05,Jacksonville Jaguars,30.0,Las Vegas Raiders,29.0,Home,2025110209,59974.0,202511020rai,28549.0,401772873,6865.0,dome,grass,,,00-0036971,00-0030565,Trevor Lawrence,Geno Smith,Allegiant Stadium
2025_09_KC_BUF,2025,9,2025-11-02,Sunday,16:25,Kansas City Chiefs,21.0,Buffalo Bills,28.0,Home,2025110210,59975.0,202511020buf,28550.0,401772768,6866.0,outdoors,a_turf,54.0,6.0,00-0033873,00-0034857,Patrick Mahomes,Josh Allen,New Era Field
2025_09_SEA_WAS,2025,9,2025-11-02,Sunday,20:20,Seattle Seahawks,38.0,Washington Commanders,14.0,Home,2025110211,59976.0,202511020was,28551.0,401772926,6867.0,outdoors,grass,53.0,3.0,00-0034869,00-0039910,Sam Darnold,Jayden Daniels,FedExField
2025_09_ARI_DAL,2025,9,2025-11-03,Monday,20:15,Arizona Cardinals,27.0,Dallas Cowboys,17.0,Home,2025110300,59977.0,202511030dal,28552.0,401772818,6868.0,closed,matrixturf,,,00-0033119,00-0033077,Jacoby Brissett,Dak Prescott,AT&T Stadium
2025_10_LV_DEN,2025,10,2025-11-06,Thursday,20:15,Las Vegas Raiders,7.0,Denver Broncos,10.0,Home,2025110600,59978.0,202511060den,28553.0,401772944,6869.0,outdoors,grass,60.0,10.0,00-0030565,00-0039732,Geno Smith,Bo Nix,Empower Field at Mile High
2025_10_ATL_IND,2025,10,2025-11-09,Sunday,09:30,Atlanta Falcons,25.0,Indianapolis Colts,31.0,Neutral,2025110900,59979.0,202511090clt,28554.0,401772636,6870.0,closed,grass,46.0,2.0,00-0039917,00-0035710,Michael Penix,Daniel Jones,Lucas Oil Stadium
2025_10_NO_CAR,2025,10,2025-11-09,Sunday,13:00,New Orleans Saints,17.0,Carolina Panthers,7.0,Home,2025110901,59980.0,202511090car,28555.0,401772877,6871.0,outdoors,grass,73.0,15.0,00-0040743,00-0039150,Tyler Shough,Bryce Young,Bank of America Stadium
2025_10_NYG_CHI,2025,10,2025-11-09,Sunday,13:00,New York Giants,20.0,Chicago Bears,24.0,Home,2025110902,59981.0,202511090chi,28556.0,401772875,6872.0,outdoors,grass,33.0,10.0,00-0040691,00-0039918,Jaxson Dart,Caleb Williams,Soldier Field
2025_10_JAX_HOU,2025,10,2025-11-09,Sunday,13:00,Jacksonville Jaguars,29.0,Houston Texans,36.0,Home,2025110903,59982.0,202511090htx,28557.0,401772770,6873.0,closed,astroturf,,,00-0036971,00-0036898,Trevor Lawrence,Davis Mills,NRG Stadium
2025_10_BUF_MIA,2025,10,2025-11-09,Sunday,13:00,Buffalo Bills,13.0,Miami Dolphins,30.0,Home,2025110904,59983.0,202511090mia,28558.0,401772771,6874.0,outdoors,grass,84.0,6.0,00-0034857,00-0036212,Josh Allen,Tua Tagovailoa,Hard Rock Stadium
2025_10_BAL_MIN,2025,10,2025-11-09,Sunday,13:00,Baltimore Ravens,27.0,Minnesota Vikings,19.0,Home,2025110905,59984.0,202511090min,28559.0,401772876,6875.0,dome,sportturf,,,00-0034796,00-0039923,Lamar Jackson,J.J. McCarthy,U.S. Bank Stadium
2025_10_CLE_NYJ,2025,10,2025-11-09,Sunday,13:00,Cleveland Browns,20.0,New York Jets,27.0,Home,2025110906,59985.0,202511090nyj,28560.0,401772769,6876.0,outdoors,fieldturf,62.0,12.0,00-0040704,00-0028118,Dillon Gabriel,Tyrod Taylor,MetLife Stadium
2025_10_NE_TB,2025,10,2025-11-09,Sunday,13:00,New England Patriots,28.0,Tampa Bay Buccaneers,23.0,Home,2025110907,59986.0,202511090tam,28561.0,401772772,6877.0,outdoors,grass,82.0,11.0,00-0039851,00-0034855,Drake Maye,Baker Mayfield,Raymond James Stadium
2025_10_ARI_SEA,2025,10,2025-11-09,Sunday,16:05,Arizona Cardinals,22.0,Seattle Seahawks,44.0,Home,2025110908,59987.0,202511090sea,28562.0,401772773,6878.0,outdoors,fieldturf,59.0,5.0,00-0033119,00-0034869,Jacoby Brissett,Sam Darnold,Lumen Field
2025_10_LA_SF,2025,10,2025-11-09,Sunday,16:25,Los Angeles Rams,42.0,San Francisco 49ers,26.0,Home,2025110909,59988.0,202511090sfo,28563.0,401772879,6879.0,outdoors,grass,77.0,3.0,00-0026498,00-0036972,Matthew Stafford,Mac Jones,Levi's Stadium
2025_10_DET_WAS,2025,10,2025-11-09,Sunday,16:25,Detroit Lions,44.0,Washington Commanders,22.0,Home,2025110910,59989.0,202511090was,28564.0,401772878,6880.0,outdoors,grass,64.0,9.0,00-0033106,00-0032268,Jared Goff,Marcus Mariota,FedExField
2025_10_PIT_LAC,2025,10,2025-11-09,Sunday,20:20,Pittsburgh Steelers,10.0,Los Angeles Chargers,25.0,Home,2025110911,59990.0,202511090sdg,28565.0,401772927,6881.0,dome,matrixturf,,,00-0023459,00-0036355,Aaron Rodgers,Justin Herbert,SoFi Stadium
2025_10_PHI_GB,2025,10,2025-11-10,Monday,20:15,Philadelphia Eagles,10.0,Green Bay Packers,7.0,Home,2025111000,59991.0,202511100gnb,28566.0,401772630,6882.0,outdoors,grass,33.0,9.0,00-0036389,00-0036264,Jalen Hurts,Jordan Love,Lambeau Field
2025_11_NYJ_NE,2025,11,2025-11-13,Thursday,20:15,New York Jets,14.0,New England Patriots,27.0,Home,2025111300,59992.0,202511130nwe,28567.0,401772945,6883.0,outdoors,fieldturf,39.0,9.0,00-0028118,00-0039851,Tyrod Taylor,Drake Maye,Gillette Stadium
2025_11_WAS_MIA,2025,11,2025-11-16,Sunday,09:30,Washington Commanders,13.0,Miami Dolphins,16.0,Neutral,2025111600,59993.0,202511160mia,28568.0,401772631,6884.0,outdoors,grass,,,00-0032268,00-0036212,Marcus Mariota,Tua Tagovailoa,Hard Rock Stadium
2025_11_CAR_ATL,2025,11,2025-11-16,Sunday,13:00,Carolina Panthers,30.0,Atlanta Falcons,27.0,Home,2025111601,59994.0,202511160atl,28569.0,401772882,6885.0,closed,fieldturf,,,00-0039150,00-0039917,Bryce Young,Michael Penix,Mercedes-Benz Stadium
2025_11_TB_BUF,2025,11,2025-11-16,Sunday,13:00,Tampa Bay Buccaneers,32.0,Buffalo Bills,44.0,Home,2025111602,59995.0,202511160buf,28570.0,401772776,6886.0,outdoors,a_turf,38.0,20.0,00-0034855,00-0034857,Baker Mayfield,Josh Allen,New Era Field
2025_11_LAC_JAX,2025,11,2025-11-16,Sunday,13:00,Los Angeles Chargers,6.0,Jacksonville Jaguars,35.0,Home,2025111603,59996.0,202511160jax,28571.0,401772775,6887.0,outdoors,grass,74.0,9.0,00-0036355,00-0036971,Justin Herbert,Trevor Lawrence,TIAA Bank Stadium
2025_11_CHI_MIN,2025,11,2025-11-16,Sunday,13:00,Chicago Bears,19.0,Minnesota Vikings,17.0,Home,2025111604,59997.0,202511160min,28573.0,401772880,6888.0,dome,sportturf,,,00-0039918,00-0039923,Caleb Williams,J.J. McCarthy,U.S. Bank Stadium
2025_11_GB_NYG,2025,11,2025-11-16,Sunday,13:00,Green Bay Packers,27.0,New York Giants,20.0,Home,2025111605,59998.0,202511160nyg,28574.0,401772883,6889.0,outdoors,fieldturf,55.0,17.0,00-0036264,00-0031503,Jordan Love,Jameis Winston,MetLife Stadium
2025_11_CIN_PIT,2025,11,2025-11-16,Sunday,13:00,Cincinnati Bengals,12.0,Pittsburgh Steelers,34.0,Home,2025111606,59999.0,202511160pit,28575.0,401772774,6890.0,outdoors,grass,46.0,17.0,00-0026158,00-0023459,Joe Flacco,Aaron Rodgers,Acrisure Stadium
2025_11_HOU_TEN,2025,11,2025-11-16,Sunday,13:00,Houston Texans,16.0,Tennessee Titans,13.0,Home,2025111607,60000.0,202511160oti,28576.0,401772881,6891.0,outdoors,grass,64.0,8.0,00-0036898,00-0040676,Davis Mills,Cam Ward,Nissan Stadium
2025_11_SF_ARI,2025,11,2025-11-16,Sunday,16:05,San Francisco 49ers,41.0,Arizona Cardinals,22.0,Home,2025111608,60001.0,202511160crd,28577.0,401772885,6892.0,closed,grass,,,00-0037834,00-0033119,Brock Purdy,Jacoby Brissett,State Farm Stadium
2025_11_SEA_LA,2025,11,2025-11-16,Sunday,16:05,Seattle Seahawks,19.0,Los Angeles Rams,21.0,Home,2025111609,60002.0,202511160ram,28578.0,401772884,6893.0,dome,matrixturf,,,00-0034869,00-0026498,Sam Darnold,Matthew Stafford,SoFi Stadium
2025_11_BAL_CLE,2025,11,2025-11-16,Sunday,16:25,Baltimore Ravens,23.0,Cleveland Browns,16.0,Home,2025111610,60003.0,202511160cle,28579.0,401772777,6894.0,outdoors,grass,44.0,20.0,00-0034796,00-0040704,Lamar Jackson,Dillon Gabriel,FirstEnergy Stadium
2025_11_KC_DEN,2025,11,2025-11-16,Sunday,16:25,Kansas City Chiefs,19.0,Denver Broncos,22.0,Home,2025111611,60004.0,202511160den,28580.0,401772778,6895.0,outdoors,grass,70.0,6.0,00-0033873,00-0039732,Patrick Mahomes,Bo Nix,Empower Field at Mile High
2025_11_DET_PHI,2025,11,2025-11-16,Sunday,20:20,Detroit Lions,9.0,Philadelphia Eagles,16.0,Home,2025111612,60005.0,202511160phi,28581.0,401772928,6896.0,outdoors,grass,45.0,15.0,00-0033106,00-0036389,Jared Goff,Jalen Hurts,Lincoln Financial Field
2025_11_DAL_LV,2025,11,2025-11-17,Monday,20:15,Dallas Cowboys,33.0,Las Vegas Raiders,16.0,Home,2025111700,60006.0,202511170rai,28572.0,401772819,6897.0,dome,grass,,,00-0033077,00-0030565,Dak Prescott,Geno Smith,Allegiant Stadium
2025_12_BUF_HOU,2025,12,2025-11-20,Thursday,20:15,Buffalo Bills,19.0,Houston Texans,23.0,Home,2025112000,60007.0,202511200htx,28582.0,401772946,6898.0,closed,astroturf,,,00-0034857,00-0036898,Josh Allen,Davis Mills,NRG Stadium
2025_12_NYJ_BAL,2025,12,2025-11-23,Sunday,13:00,New York Jets,10.0,Baltimore Ravens,23.0,Home,2025112300,60008.0,202511230rav,28583.0,401772782,6899.0,outdoors,grass,54.0,3.0,00-0028118,00-0034796,Tyrod Taylor,Lamar Jackson,M&T Bank Stadium
2025_12_PIT_CHI,2025,12,2025-11-23,Sunday,13:00,Pittsburgh Steelers,28.0,Chicago Bears,31.0,Home,2025112301,60009.0,202511230chi,28584.0,401772780,6900.0,outdoors,grass,51.0,3.0,00-0034771,00-0039918,Mason Rudolph,Caleb Williams,Soldier Field
2025_12_NE_CIN,2025,12,2025-11-23,Sunday,13:00,New England Patriots,26.0,Cincinnati Bengals,20.0,Home,2025112302,60010.0,202511230cin,28585.0,401772781,6901.0,outdoors,fieldturf,54.0,7.0,00-0039851,00-0026158,Drake Maye,Joe Flacco,Paycor Stadium
2025_12_NYG_DET,2025,12,2025-11-23,Sunday,13:00,New York Giants,27.0,Detroit Lions,34.0,Home,2025112303,60011.0,202511230det,28586.0,401772888,6902.0,dome,fieldturf,,,00-0031503,00-0033106,Jameis Winston,Jared Goff,Ford Field
2025_12_MIN_GB,2025,12,2025-11-23,Sunday,13:00,Minnesota Vikings,6.0,Green Bay Packers,23.0,Home,2025112304,60012.0,202511230gnb,28587.0,401772887,6903.0,outdoors,grass,43.0,10.0,00-0039923,00-0036264,J.J. McCarthy,Jordan Love,Lambeau Field
2025_12_IND_KC,2025,12,2025-11-23,Sunday,13:00,Indianapolis Colts,20.0,Kansas City Chiefs,23.0,Home,2025112305,60013.0,202511230kan,28588.0,401772779,6904.0,outdoors,grass,,,00-0035710,00-0033873,Daniel Jones,Patrick Mahomes,GEHA Field at Arrowhead Stadium
2025_12_SEA_TEN,2025,12,2025-11-23,Sunday,13:00,Seattle Seahawks,30.0,Tennessee Titans,24.0,Home,2025112306,60014.0,202511230oti,28589.0,401772886,6905.0,outdoors,grass,55.0,1.0,00-0034869,00-0040676,Sam Darnold,Cam Ward,Nissan Stadium
2025_12_JAX_ARI,2025,12,2025-11-23,Sunday,16:05,Jacksonville Jaguars,27.0,Arizona Cardinals,24.0,Home,2025112307,60015.0,202511230crd,28590.0,401772783,6906.0,closed,grass,,,00-0036971,00-0033119,Trevor Lawrence,Jacoby Brissett,State Farm Stadium
2025_12_CLE_LV,2025,12,2025-11-23,Sunday,16:05,Cleveland Browns,24.0,Las Vegas Raiders,10.0,Home,2025112308,60016.0,202511230rai,28591.0,401772784,6907.0,dome,grass,,,00-0040668,00-0030565,Shedeur Sanders,Geno Smith,Allegiant Stadium
2025_12_PHI_DAL,2025,12,2025-11-23,Sunday,16:25,Philadelphia Eagles,21.0,Dallas Cowboys,24.0,Home,2025112309,60017.0,202511230dal,28592.0,401772890,6908.0,closed,matrixturf,,,00-0036389,00-0033077,Jalen Hurts,Dak Prescott,AT&T Stadium
2025_12_ATL_NO,2025,12,2025-11-23,Sunday,16:25,Atlanta Falcons,24.0,New Orleans Saints,10.0,Home,2025112310,60018.0,202511230nor,28593.0,401772889,6909.0,dome,sportturf,,,00-0029604,00-0040743,Kirk Cousins,Tyler Shough,Mercedes-Benz Superdome
2025_12_TB_LA,2025,12,2025-11-23,Sunday,20:20,Tampa Bay Buccaneers,7.0,Los Angeles Rams,34.0,Home,2025112311,60019.0,202511230ram,28594.0,401772929,6910.0,dome,matrixturf,,,00-0034855,00-0026498,Baker Mayfield,Matthew Stafford,SoFi Stadium
2025_12_CAR_SF,2025,12,2025-11-24,Monday,20:15,Carolina Panthers,9.0,San Francisco 49ers,20.0,Home,2025112400,60020.0,202511240sfo,28595.0,401772820,6911.0,outdoors,grass,58.0,3.0,00-0039150,00-0037834,Bryce Young,Brock Purdy,Levi's Stadium
2025_13_GB_DET,2025,13,2025-11-27,Thursday,13:00,Green Bay Packers,31.0,Detroit Lions,24.0,Home,2025112700,60021.0,202511270det,28596.0,401772891,6912.0,dome,fieldturf,,,00-0036264,00-0033106,Jordan Love,Jared Goff,Ford Field
2025_13_KC_DAL,2025,13,2025-11-27,Thursday,16:30,Kansas City Chiefs,28.0,Dallas Cowboys,31.0,Home,2025112701,60022.0,202511270dal,28597.0,401772694,6913.0,closed,matrixturf,,,00-0033873,00-0033077,Patrick Mahomes,Dak Prescott,AT&T Stadium
2025_13_CIN_BAL,2025,13,2025-11-27,Thursday,20:20,Cincinnati Bengals,32.0,Baltimore Ravens,14.0,Home,2025112702,60023.0,202511270rav,28598.0,401772930,6914.0,outdoors,grass,38.0,11.0,00-0036442,00-0034796,Joe Burrow,Lamar Jackson,M&T Bank Stadium
2025_13_CHI_PHI,2025,13,2025-11-28,Friday,15:00,Chicago Bears,24.0,Philadelphia Eagles,15.0,Home,2025112800,60024.0,202511280phi,28599.0,401772621,6915.0,outdoors,grass,42.0,18.0,00-0039918,00-0036389,Caleb Williams,Jalen Hurts,Lincoln Financial Field
2025_13_LA_CAR,2025,13,2025-11-30,Sunday,13:00,Los Angeles Rams,28.0,Carolina Panthers,31.0,Home,2025113000,60025.0,202511300car,28600.0,401772894,6916.0,outdoors,grass,45.0,3.0,00-0026498,00-0039150,Matthew Stafford,Bryce Young,Bank of America Stadium
2025_13_SF_CLE,2025,13,2025-11-30,Sunday,13:00,San Francisco 49ers,26.0,Cleveland Browns,8.0,Home,2025113001,60026.0,202511300cle,28601.0,401772785,6917.0,outdoors,grass,35.0,20.0,00-0037834,00-0040668,Brock Purdy,Shedeur Sanders,FirstEnergy Stadium
2025_13_HOU_IND,2025,13,2025-11-30,Sunday,13:00,Houston Texans,20.0,Indianapolis Colts,16.0,Home,2025113002,60027.0,202511300clt,28602.0,401772787,6918.0,closed,fieldturf,,,00-0039163,00-0035710,C.J. Stroud,Daniel Jones,Lucas Oil Stadium
2025_13_NO_MIA,2025,13,2025-11-30,Sunday,13:00,New Orleans Saints,17.0,Miami Dolphins,21.0,Home,2025113003,60028.0,202511300mia,28603.0,401772892,6919.0,outdoors,grass,76.0,10.0,00-0040743,00-0036212,Tyler Shough,Tua Tagovailoa,Hard Rock Stadium
2025_13_ATL_NYJ,2025,13,2025-11-30,Sunday,13:00,Atlanta Falcons,24.0,New York Jets,27.0,Home,2025113004,60029.0,202511300nyj,28604.0,401772893,6920.0,outdoors,fieldturf,43.0,8.0,00-0029604,00-0028118,Kirk Cousins,Tyrod Taylor,MetLife Stadium
2025_13_ARI_TB,2025,13,2025-11-30,Sunday,13:00,Arizona Cardinals,17.0,Tampa Bay Buccaneers,20.0,Home,2025113005,60030.0,202511300tam,28605.0,401772895,6921.0,outdoors,grass,80.0,8.0,00-0033119,00-0034855,Jacoby Brissett,Baker Mayfield,Raymond James Stadium
2025_13_JAX_TEN,2025,13,2025-11-30,Sunday,13:00,Jacksonville Jaguars,25.0,Tennessee Titans,3.0,Home,2025113006,60031.0,202511300oti,28606.0,401772786,6922.0,outdoors,grass,38.0,7.0,00-0036971,00-0040676,Trevor Lawrence,Cam Ward,Nissan Stadium
2025_13_MIN_SEA,2025,13,2025-11-30,Sunday,16:05,Minnesota Vikings,0.0,Seattle Seahawks,26.0,Home,2025113007,60032.0,202511300sea,28608.0,401772896,6923.0,outdoors,fieldturf,45.0,2.0,00-0040494,00-0034869,Max Brosmer,Sam Darnold,Lumen Field
2025_13_LV_LAC,2025,13,2025-11-30,Sunday,16:25,Las Vegas Raiders,14.0,Los Angeles Chargers,31.0,Home,2025113008,60033.0,202511300sdg,28607.0,401772788,6924.0,dome,matrixturf,,,00-0030565,00-0036355,Geno Smith,Justin Herbert,SoFi Stadium
2025_13_BUF_PIT,2025,13,2025-11-30,Sunday,16:25,Buffalo Bills,26.0,Pittsburgh Steelers,7.0,Home,2025113009,60034.0,202511300pit,28609.0,401772789,6925.0,outdoors,grass,34.0,16.0,00-0034857,00-0023459,Josh Allen,Aaron Rodgers,Acrisure Stadium
2025_13_DEN_WAS,2025,13,2025-11-30,Sunday,20:20,Denver Broncos,27.0,Washington Commanders,26.0,Home,2025113010,60035.0,202511300was,28610.0,401772931,6926.0,outdoors,grass,40.0,13.0,00-0039732,00-0032268,Bo Nix,Marcus Mariota,FedExField
2025_13_NYG_NE,2025,13,2025-12-01,Monday,20:15,New York Giants,15.0,New England Patriots,33.0,Home,2025120100,60036.0,202512010nwe,28611.0,401772821,6927.0,outdoors,fieldturf,30.0,5.0,00-0040691,00-0039851,Jaxson Dart,Drake Maye,Gillette Stadium
2025_14_DAL_DET,2025,14,2025-12-04,Thursday,20:15,Dallas Cowboys,30.0,Detroit Lions,44.0,Home,2025120400,60037.0,202512040det,28612.0,401772947,6928.0,dome,fieldturf,,,00-0033077,00-0033106,Dak Prescott,Jared Goff,Ford Field
2025_14_SEA_ATL,2025,14,2025-12-07,Sunday,13:00,Seattle Seahawks,37.0,Atlanta Falcons,9.0,Home,2025120700,60038.0,202512070atl,28613.0,401772900,6929.0,closed,fieldturf,,,00-0034869,00-0029604,Sam Darnold,Kirk Cousins,Mercedes-Benz Stadium
2025_14_PIT_BAL,2025,14,2025-12-07,Sunday,13:00,Pittsburgh Steelers,27.0,Baltimore Ravens,22.0,Home,2025120701,60039.0,202512070rav,28614.0,401772791,6930.0,outdoors,grass,44.0,6.0,00-0023459,00-0034796,Aaron Rodgers,Lamar Jackson,M&T Bank Stadium
2025_14_TEN_CLE,2025,14,2025-12-07,Sunday,13:00,Tennessee Titans,31.0,Cleveland Browns,29.0,Home,2025120702,60040.0,202512070cle,28615.0,401772898,6931.0,outdoors,grass,33.0,6.0,00-0040676,00-0040668,Cam Ward,Shedeur Sanders,FirstEnergy Stadium
2025_14_CHI_GB,2025,14,2025-12-07,Sunday,16:25,Chicago Bears,21.0,Green Bay Packers,28.0,Home,2025120703,60041.0,202512070gnb,28616.0,401772897,6932.0,outdoors,grass,16.0,9.0,00-0039918,00-0036264,Caleb Williams,Jordan Love,Lambeau Field
2025_14_IND_JAX,2025,14,2025-12-07,Sunday,13:00,Indianapolis Colts,19.0,Jacksonville Jaguars,36.0,Home,2025120704,60042.0,202512070jax,28617.0,401772793,6933.0,outdoors,grass,61.0,7.0,00-0035710,00-0036971,Daniel Jones,Trevor Lawrence,TIAA Bank Stadium
2025_14_WAS_MIN,2025,14,2025-12-07,Sunday,13:00,Washington Commanders,0.0,Minnesota Vikings,31.0,Home,2025120705,60043.0,202512070min,28618.0,401772899,6934.0,dome,sportturf,,,00-0032268,00-0039923,Marcus Mariota,J.J. McCarthy,U.S. Bank Stadium
2025_14_MIA_NYJ,2025,14,2025-12-07,Sunday,13:00,Miami Dolphins,34.0,New York Jets,10.0,Home,2025120706,60044.0,202512070nyj,28619.0,401772790,6935.0,outdoors,fieldturf,41.0,6.0,00-0036212,00-0028118,Tua Tagovailoa,Tyrod Taylor,MetLife Stadium
2025_14_NO_TB,2025,14,2025-12-07,Sunday,13:00,New Orleans Saints,24.0,Tampa Bay Buccaneers,20.0,Home,2025120707,60045.0,202512070tam,28620.0,401772792,6936.0,outdoors,grass,73.0,6.0,00-0040743,00-0034855,Tyler Shough,Baker Mayfield,Raymond James Stadium
2025_14_DEN_LV,2025,14,2025-12-07,Sunday,16:05,Denver Broncos,24.0,Las Vegas Raiders,17.0,Home,2025120708,60046.0,202512070rai,28621.0,401772794,6937.0,dome,grass,,,00-0039732,00-0030565,Bo Nix,Geno Smith,Allegiant Stadium
2025_14_LA_ARI,2025,14,2025-12-07,Sunday,16:25,Los Angeles Rams,45.0,Arizona Cardinals,17.0,Home,2025120709,60047.0,202512070crd,28622.0,401772901,6938.0,closed,grass,,,00-0026498,00-0033119,Matthew Stafford,Jacoby Brissett,State Farm Stadium
2025_14_CIN_BUF,2025,14,2025-12-07,Sunday,13:00,Cincinnati Bengals,34.0,Buffalo Bills,39.0,Home,2025120710,60048.0,202512070buf,28623.0,401772902,6939.0,outdoors,a_turf,31.0,12.0,00-0036442,00-0034857,Joe Burrow,Josh Allen,New Era Field
2025_14_HOU_KC,2025,14,2025-12-07,Sunday,20:20,Houston Texans,20.0,Kansas City Chiefs,10.0,Home,2025120711,60049.0,202512070kan,28624.0,401772932,6940.0,outdoors,grass,27.0,8.0,00-0039163,00-0033873,C.J. Stroud,Patrick Mahomes,GEHA Field at Arrowhead Stadium
2025_14_PHI_LAC,2025,14,2025-12-08,Monday,20:15,Philadelphia Eagles,19.0,Los Angeles Chargers,22.0,Home,2025120800,60050.0,202512080sdg,28625.0,401772822,6941.0,dome,matrixturf,,,00-0036389,00-0036355,Jalen Hurts,Justin Herbert,SoFi Stadium
2025_15_ATL_TB,2025,15,2025-12-11,Thursday,20:15,Atlanta Falcons,29.0,Tampa Bay Buccaneers,28.0,Home,2025121100,60051.0,202512110tam,28626.0,401772948,6942.0,outdoors,grass,56.0,5.0,00-0029604,00-0034855,Kirk Cousins,Baker Mayfield,Raymond James Stadium
2025_15_CLE_CHI,2025,15,2025-12-14,Sunday,13:00,Cleveland Browns,3.0,Chicago Bears,31.0,Home,2025121400,60052.0,202512140chi,28627.0,401772904,6943.0,outdoors,grass,8.0,6.0,00-0040668,00-0039918,Shedeur Sanders,Caleb Williams,Soldier Field
2025_15_BAL_CIN,2025,15,2025-12-14,Sunday,13:00,Baltimore Ravens,24.0,Cincinnati Bengals,0.0,Home,2025121401,60053.0,202512140cin,28628.0,401772796,6944.0,outdoors,fieldturf,10.0,7.0,00-0034796,00-0036442,Lamar Jackson,Joe Burrow,Paycor Stadium
2025_15_ARI_HOU,2025,15,2025-12-14,Sunday,13:00,Arizona Cardinals,20.0,Houston Texans,40.0,Home,2025121402,60054.0,202512140htx,28629.0,401772903,6945.0,closed,astroturf,,,00-0033119,00-0039163,Jacoby Brissett,C.J. Stroud,NRG Stadium
2025_15_NYJ_JAX,2025,15,2025-12-14,Sunday,13:00,New York Jets,20.0,Jacksonville Jaguars,48.0,Home,2025121403,60055.0,202512140jax,28630.0,401772797,6946.0,outdoors,grass,70.0,11.0,00-0040398,00-0036971,Brady Cook,Trevor Lawrence,TIAA Bank Stadium
2025_15_LAC_KC,2025,15,2025-12-14,Sunday,13:00,Los Angeles Chargers,16.0,Kansas City Chiefs,13.0,Home,2025121404,60056.0,202512140kan,28631.0,401772798,6947.0,outdoors,grass,,,00-0036355,00-0033873,Justin Herbert,Patrick Mahomes,GEHA Field at Arrowhead Stadium
2025_15_BUF_NE,2025,15,2025-12-14,Sunday,13:00,Buffalo Bills,35.0,New England Patriots,31.0,Home,2025121405,60057.0,202512140nwe,28632.0,401772795,6948.0,outdoors,fieldturf,32.0,6.0,00-0034857,00-0039851,Josh Allen,Drake Maye,Gillette Stadium
2025_15_WAS_NYG,2025,15,2025-12-14,Sunday,13:00,Washington Commanders,29.0,New York Giants,21.0,Home,2025121406,60058.0,202512140nyg,28633.0,401772905,6949.0,outdoors,fieldturf,27.0,13.0,00-0032268,00-0040691,Marcus Mariota,Jaxson Dart,MetLife Stadium
2025_15_LV_PHI,2025,15,2025-12-14,Sunday,13:00,Las Vegas Raiders,0.0,Philadelphia Eagles,31.0,Home,2025121407,60059.0,202512140phi,28634.0,401772906,6950.0,outdoors,grass,30.0,20.0,00-0038102,00-0036389,Kenny Pickett,Jalen Hurts,Lincoln Financial Field
2025_15_GB_DEN,2025,15,2025-12-14,Sunday,16:25,Green Bay Packers,26.0,Denver Broncos,34.0,Home,2025121408,60060.0,202512140den,28635.0,401772800,6951.0,outdoors,grass,65.0,3.0,00-0036264,00-0039732,Jordan Love,Bo Nix,Empower Field at Mile High
2025_15_DET_LA,2025,15,2025-12-14,Sunday,16:25,Detroit Lions,34.0,Los Angeles Rams,41.0,Home,2025121409,60061.0,202512140ram,28638.0,401772909,6952.0,dome,matrixturf,,,00-0033106,00-0026498,Jared Goff,Matthew Stafford,SoFi Stadium
2025_15_CAR_NO,2025,15,2025-12-14,Sunday,16:25,Carolina Panthers,17.0,New Orleans Saints,20.0,Home,2025121410,60062.0,202512140nor,28636.0,401772908,6953.0,dome,sportturf,,,00-0039150,00-0040743,Bryce Young,Tyler Shough,Mercedes-Benz Superdome
2025_15_IND_SEA,2025,15,2025-12-14,Sunday,16:25,Indianapolis Colts,16.0,Seattle Seahawks,18.0,Home,2025121411,60063.0,202512140sea,28637.0,401772799,6954.0,outdoors,fieldturf,51.0,9.0,00-0022942,00-0034869,Philip Rivers,Sam Darnold,Lumen Field
2025_15_TEN_SF,2025,15,2025-12-14,Sunday,16:25,Tennessee Titans,24.0,San Francisco 49ers,37.0,Home,2025121412,60064.0,202512140sfo,28639.0,401772907,6955.0,outdoors,grass,54.0,4.0,00-0040676,00-0037834,Cam Ward,Brock Purdy,Levi's Stadium
2025_15_MIN_DAL,2025,15,2025-12-14,Sunday,20:20,Minnesota Vikings,34.0,Dallas Cowboys,26.0,Home,2025121413,60065.0,202512140dal,28640.0,401772933,6956.0,closed,matrixturf,,,00-0039923,00-0033077,J.J. McCarthy,Dak Prescott,AT&T Stadium
2025_15_MIA_PIT,2025,15,2025-12-15,Monday,20:15,Miami Dolphins,15.0,Pittsburgh Steelers,28.0,Home,2025121500,60066.0,202512150pit,28641.0,401772823,6957.0,outdoors,grass,17.0,7.0,00-0036212,00-0023459,Tua Tagovailoa,Aaron Rodgers,Acrisure Stadium
2025_16_LA_SEA,2025,16,2025-12-18,Thursday,20:15,Los Angeles Rams,37.0,Seattle Seahawks,38.0,Home,2025121800,60067.0,202512180sea,28642.0,401772949,6958.0,outdoors,fieldturf,51.0,17.0,00-0026498,00-0034869,Matthew Stafford,Sam Darnold,Lumen Field
2025_16_GB_CHI,2025,16,2025-12-20,Saturday,20:20,Green Bay Packers,16.0,Chicago Bears,22.0,Home,2025122000,60068.0,202512200chi,28643.0,401772613,6959.0,outdoors,grass,37.0,6.0,00-0036264,00-0039918,Jordan Love,Caleb Williams,Soldier Field
2025_16_PHI_WAS,2025,16,2025-12-20,Saturday,17:00,Philadelphia Eagles,29.0,Washington Commanders,18.0,Home,2025122001,60069.0,202512200was,28644.0,401772612,6960.0,outdoors,grass,42.0,7.0,00-0036389,00-0032268,Jalen Hurts,Marcus Mariota,FedExField
2025_16_NE_BAL,2025,16,2025-12-21,Sunday,20:20,New England Patriots,28.0,Baltimore Ravens,24.0,Home,2025122102,60070.0,202512210rav,28645.0,401772804,6961.0,outdoors,grass,40.0,2.0,00-0039851,00-0034796,Drake Maye,Lamar Jackson,M&T Bank Stadium
2025_16_TB_CAR,2025,16,2025-12-21,Sunday,13:00,Tampa Bay Buccaneers,20.0,Carolina Panthers,23.0,Home,2025122103,60071.0,202512210car,28646.0,401772912,6962.0,outdoors,grass,61.0,8.0,00-0034855,00-0039150,Baker Mayfield,Bryce Young,Bank of America Stadium
2025_16_BUF_CLE,2025,16,2025-12-21,Sunday,13:00,Buffalo Bills,23.0,Cleveland Browns,20.0,Home,2025122104,60072.0,202512210cle,28647.0,401772802,6963.0,outdoors,grass,25.0,16.0,00-0034857,00-0040668,Josh Allen,Shedeur Sanders,FirstEnergy Stadium
2025_16_LAC_DAL,2025,16,2025-12-21,Sunday,13:00,Los Angeles Chargers,34.0,Dallas Cowboys,17.0,Home,2025122105,60073.0,202512210dal,28648.0,401772910,6964.0,closed,matrixturf,,,00-0036355,00-0033077,Justin Herbert,Dak Prescott,AT&T Stadium
2025_16_NYJ_NO,2025,16,2025-12-21,Sunday,13:00,New York Jets,6.0,New Orleans Saints,29.0,Home,2025122106,60074.0,202512210nor,28649.0,401772801,6965.0,dome,sportturf,,,00-0028118,00-0040743,Tyrod Taylor,Tyler Shough,Mercedes-Benz Superdome
2025_16_MIN_NYG,2025,16,2025-12-21,Sunday,13:00,Minnesota Vikings,16.0,New York Giants,13.0,Home,2025122107,60075.0,202512210nyg,28650.0,401772911,6966.0,outdoors,fieldturf,46.0,20.0,00-0039923,00-0040691,J.J. McCarthy,Jaxson Dart,MetLife Stadium
2025_16_KC_TEN,2025,16,2025-12-21,Sunday,13:00,Kansas City Chiefs,9.0,Tennessee Titans,26.0,Home,2025122108,60076.0,202512210oti,28651.0,401772803,6967.0,outdoors,grass,51.0,8.0,00-0035289,00-0040676,Gardner Minshew,Cam Ward,Nissan Stadium
2025_16_ATL_ARI,2025,16,2025-12-21,Sunday,16:05,Atlanta Falcons,26.0,Arizona Cardinals,19.0,Home,2025122109,60077.0,202512210crd,28652.0,401772914,6968.0,closed,grass,,,00-0029604,00-0033119,Kirk Cousins,Jacoby Brissett,State Farm Stadium
2025_16_JAX_DEN,2025,16,2025-12-21,Sunday,16:05,Jacksonville Jaguars,34.0,Denver Broncos,20.0,Home,2025122110,60078.0,202512210den,28653.0,401772913,6969.0,outdoors,grass,62.0,3.0,00-0036971,00-0039732,Trevor Lawrence,Bo Nix,Empower Field at Mile High
2025_16_PIT_DET,2025,16,2025-12-21,Sunday,16:25,Pittsburgh Steelers,29.0,Detroit Lions,24.0,Home,2025122111,60079.0,202512210det,28654.0,401772806,6970.0,dome,fieldturf,,,00-0023459,00-0033106,Aaron Rodgers,Jared Goff,Ford Field
2025_16_LV_HOU,2025,16,2025-12-21,Sunday,16:25,Las Vegas Raiders,21.0,Houston Texans,23.0,Home,2025122112,60080.0,202512210htx,28655.0,401772805,6971.0,closed,astroturf,,,00-0030565,00-0039163,Geno Smith,C.J. Stroud,NRG Stadium
2025_16_CIN_MIA,2025,16,2025-12-21,Sunday,13:00,Cincinnati Bengals,45.0,Miami Dolphins,21.0,Home,2025122113,60081.0,202512210mia,28656.0,401772934,6972.0,outdoors,grass,81.0,7.0,00-0036442,00-0040234,Joe Burrow,Quinn Ewers,Hard Rock Stadium
2025_16_SF_IND,2025,16,2025-12-22,Monday,20:15,San Francisco 49ers,48.0,Indianapolis Colts,27.0,Home,2025122200,60082.0,202512220clt,28657.0,401772824,6973.0,closed,fieldturf,,,00-0037834,00-0022942,Brock Purdy,Philip Rivers,Lucas Oil Stadium
2025_17_DAL_WAS,2025,17,2025-12-25,Thursday,13:00,Dallas Cowboys,30.0,Washington Commanders,23.0,Home,2025122500,60083.0,202512250was,28658.0,401772710,6974.0,outdoors,grass,50.0,7.0,00-0033077,00-0026300,Dak Prescott,Josh Johnson,FedExField
2025_17_DET_MIN,2025,17,2025-12-25,Thursday,16:30,Detroit Lions,10.0,Minnesota Vikings,23.0,Home,2025122501,60084.0,202512250min,28659.0,401772711,6975.0,dome,sportturf,,,00-0033106,00-0040494,Jared Goff,Max Brosmer,U.S. Bank Stadium
2025_17_DEN_KC,2025,17,2025-12-25,Thursday,20:15,Denver Broncos,20.0,Kansas City Chiefs,13.0,Home,2025122502,60085.0,202512250kan,28660.0,401772622,6976.0,outdoors,grass,,,00-0039732,00-0037324,Bo Nix,Chris Oladokun,GEHA Field at Arrowhead Stadium
2025_17_SEA_CAR,2025,17,2025-12-28,Sunday,13:00,Seattle Seahawks,27.0,Carolina Panthers,10.0,Home,2025122800,60086.0,202512280car,28661.0,401772952,6977.0,outdoors,grass,43.0,2.0,00-0034869,00-0039150,Sam Darnold,Bryce Young,Bank of America Stadium
2025_17_ARI_CIN,2025,17,2025-12-28,Sunday,13:00,Arizona Cardinals,14.0,Cincinnati Bengals,37.0,Home,2025122801,60087.0,202512280cin,28662.0,401772954,6978.0,outdoors,fieldturf,65.0,9.0,00-0033119,00-0036442,Jacoby Brissett,Joe Burrow,Paycor Stadium
2025_17_PIT_CLE,2025,17,2025-12-28,Sunday,13:00,Pittsburgh Steelers,6.0,Cleveland Browns,13.0,Home,2025122805,60091.0,202512280cle,28666.0,401772807,6979.0,outdoors,grass,45.0,14.0,00-0023459,00-0040668,Aaron Rodgers,Shedeur Sanders,FirstEnergy Stadium
2025_17_BAL_GB,2025,17,2025-12-27,Saturday,20:00,Baltimore Ravens,41.0,Green Bay Packers,24.0,Home,2025122701,60088.0,202512270gnb,28663.0,401772953,6980.0,outdoors,grass,36.0,10.0,00-0035993,00-0038128,Tyler Huntley,Malik Willis,Lambeau Field
2025_17_JAX_IND,2025,17,2025-12-28,Sunday,13:00,Jacksonville Jaguars,23.0,Indianapolis Colts,17.0,Home,2025122806,60092.0,202512280clt,28667.0,401772915,6981.0,closed,fieldturf,,,00-0036971,00-0022942,Trevor Lawrence,Philip Rivers,Lucas Oil Stadium
2025_17_HOU_LAC,2025,17,2025-12-27,Saturday,16:30,Houston Texans,20.0,Los Angeles Chargers,16.0,Home,2025122700,60089.0,202512270sdg,28664.0,401772951,6982.0,dome,matrixturf,,,00-0039163,00-0036355,C.J. Stroud,Justin Herbert,SoFi Stadium
2025_17_NYG_LV,2025,17,2025-12-28,Sunday,16:05,New York Giants,34.0,Las Vegas Raiders,10.0,Home,2025122804,60090.0,202512280rai,28665.0,401772950,6983.0,dome,grass,,,00-0040691,00-0030565,Jaxson Dart,Geno Smith,Allegiant Stadium
2025_17_TB_MIA,2025,17,2025-12-28,Sunday,13:00,Tampa Bay Buccaneers,17.0,Miami Dolphins,20.0,Home,2025122807,60093.0,202512280mia,28668.0,401772916,6984.0,outdoors,grass,80.0,3.0,00-0034855,00-0040234,Baker Mayfield,Quinn Ewers,Hard Rock Stadium
2025_17_NE_NYJ,2025,17,2025-12-28,Sunday,13:00,New England Patriots,42.0,New York Jets,10.0,Home,2025122808,60094.0,202512280nyj,28669.0,401772808,6985.0,outdoors,fieldturf,29.0,4.0,00-0039851,00-0028118,Drake Maye,Tyrod Taylor,MetLife Stadium
2025_17_NO_TEN,2025,17,2025-12-28,Sunday,13:00,New Orleans Saints,34.0,Tennessee Titans,26.0,Home,2025122809,60095.0,202512280oti,28670.0,401772809,6986.0,outdoors,grass,71.0,14.0,00-0040743,00-0040676,Tyler Shough,Cam Ward,Nissan Stadium
2025_17_PHI_BUF,2025,17,2025-12-28,Sunday,16:25,Philadelphia Eagles,13.0,Buffalo Bills,12.0,Home,2025122810,60096.0,202512280buf,28671.0,401772917,6987.0,outdoors,a_turf,38.0,6.0,00-0036389,00-0034857,Jalen Hurts,Josh Allen,New Era Field
2025_17_CHI_SF,2025,17,2025-12-28,Sunday,20:20,Chicago Bears,38.0,San Francisco 49ers,42.0,Home,2025122811,60097.0,202512280sfo,28672.0,401772935,6988.0,outdoors,grass,53.0,5.0,00-0039918,00-0037834,Caleb Williams,Brock Purdy,Levi's Stadium
2025_17_LA_ATL,2025,17,2025-12-29,Monday,20:15,Los Angeles Rams,24.0,Atlanta Falcons,27.0,Home,2025122900,60098.0,202512290atl,28673.0,401772825,6989.0,closed,fieldturf,,,00-0026498,00-0029604,Matthew Stafford,Kirk Cousins,Mercedes-Benz Stadium
2025_18_NO_ATL,2025,18,2026-01-04,Sunday,13:00,New Orleans Saints,17.0,Atlanta Falcons,19.0,Home,2026010400,60099.0,202601040atl,28689.0,401772966,6990.0,closed,fieldturf,,,00-0040743,00-0029604,Tyler Shough,Kirk Cousins,Mercedes-Benz Stadium
2025_18_NYJ_BUF,2025,18,2026-01-04,Sunday,16:25,New York Jets,8.0,Buffalo Bills,35.0,Home,2026010401,60100.0,202601040buf,28674.0,401772967,6991.0,outdoors,a_turf,27.0,13.0,00-0040398,00-0033869,Brady Cook,Mitchell Trubisky,New Era Field
2025_18_DET_CHI,2025,18,2026-01-04,Sunday,16:25,Detroit Lions,19.0,Chicago Bears,16.0,Home,2026010402,60101.0,202601040chi,28675.0,401772965,6992.0,outdoors,grass,33.0,4.0,00-0033106,00-0039918,Jared Goff,Caleb Williams,Soldier Field
2025_18_CLE_CIN,2025,18,2026-01-04,Sunday,13:00,Cleveland Browns,20.0,Cincinnati Bengals,18.0,Home,2026010403,60102.0,202601040cin,28676.0,401772964,6993.0,outdoors,fieldturf,37.0,0.0,00-0040668,00-0036442,Shedeur Sanders,Joe Burrow,Paycor Stadium
2025_18_LAC_DEN,2025,18,2026-01-04,Sunday,16:25,Los Angeles Chargers,3.0,Denver Broncos,19.0,Home,2026010404,60103.0,202601040den,28677.0,401772956,6994.0,outdoors,grass,66.0,8.0,00-0037012,00-0039732,Trey Lance,Bo Nix,Empower Field at Mile High
2025_18_IND_HOU,2025,18,2026-01-04,Sunday,13:00,Indianapolis Colts,30.0,Houston Texans,38.0,Home,2026010405,60104.0,202601040htx,28678.0,401772962,6995.0,closed,astroturf,,,00-0040206,00-0039163,Riley Leonard,C.J. Stroud,NRG Stadium
2025_18_TEN_JAX,2025,18,2026-01-04,Sunday,13:00,Tennessee Titans,7.0,Jacksonville Jaguars,41.0,Home,2026010406,60105.0,202601040jax,28679.0,401772970,6996.0,outdoors,grass,55.0,8.0,00-0040676,00-0036971,Cam Ward,Trevor Lawrence,TIAA Bank Stadium
2025_18_ARI_LA,2025,18,2026-01-04,Sunday,16:25,Arizona Cardinals,20.0,Los Angeles Rams,37.0,Home,2026010407,60106.0,202601040ram,28681.0,401772955,6997.0,dome,matrixturf,,,00-0033119,00-0026498,Jacoby Brissett,Matthew Stafford,SoFi Stadium
2025_18_KC_LV,2025,18,2026-01-04,Sunday,16:25,Kansas City Chiefs,12.0,Las Vegas Raiders,14.0,Home,2026010408,60107.0,202601040rai,28680.0,401772957,6998.0,dome,grass,,,00-0037324,00-0038102,Chris Oladokun,Kenny Pickett,Allegiant Stadium
2025_18_GB_MIN,2025,18,2026-01-04,Sunday,13:00,Green Bay Packers,3.0,Minnesota Vikings,16.0,Home,2026010409,60108.0,202601040min,28682.0,401772968,6999.0,dome,sportturf,,,00-0038582,00-0039923,Clayton Tune,J.J. McCarthy,U.S. Bank Stadium
2025_18_MIA_NE,2025,18,2026-01-04,Sunday,16:25,Miami Dolphins,10.0,New England Patriots,38.0,Home,2026010410,60109.0,202601040nwe,28683.0,401772958,7000.0,outdoors,fieldturf,29.0,6.0,00-0040234,00-0039851,Quinn Ewers,Drake Maye,Gillette Stadium
2025_18_DAL_NYG,2025,18,2026-01-04,Sunday,13:00,Dallas Cowboys,17.0,New York Giants,34.0,Home,2026010411,60110.0,202601040nyg,28684.0,401772963,7001.0,outdoors,fieldturf,33.0,7.0,00-0033077,00-0040691,Dak Prescott,Jaxson Dart,MetLife Stadium
2025_18_WAS_PHI,2025,18,2026-01-04,Sunday,16:25,Washington Commanders,24.0,Philadelphia Eagles,17.0,Home,2026010412,60111.0,202601040phi,28685.0,401772959,7002.0,outdoors,grass,35.0,9.0,00-0026300,00-0038400,Josh Johnson,Tanner McKee,Lincoln Financial Field
2025_18_BAL_PIT,2025,18,2026-01-04,Sunday,20:20,Baltimore Ravens,24.0,Pittsburgh Steelers,26.0,Home,2026010413,60112.0,202601040pit,28686.0,401772960,7003.0,outdoors,grass,25.0,3.0,00-0034796,00-0023459,Lamar Jackson,Aaron Rodgers,Acrisure Stadium
2025_18_SEA_SF,2025,18,2026-01-03,Saturday,20:00,Seattle Seahawks,13.0,San Francisco 49ers,3.0,Home,2026010301,60113.0,202601030sfo,28687.0,401772961,7004.0,outdoors,grass,57.0,8.0,00-0034869,00-0037834,Sam Darnold,Brock Purdy,Levi's Stadium
2025_18_CAR_TB,2025,18,2026-01-03,Saturday,16:30,Carolina Panthers,14.0,Tampa Bay Buccaneers,16.0,Home,2026010300,60114.0,202601030tam,28688.0,401772969,7005.0,outdoors,grass,69.0,11.0,00-0039150,00-0034855,Bryce Young,Baker Mayfield,Raymond James Stadium
