Week,Date,Matchup,Wind,Weather_Source,Spread_Mean,Spread_Median,Spread_Std,Spread_Variance,Spread_25th,Spread_75th,Total_Mean,Total_Median,Total_Std,Total_10th_Floor,Total_90th_Ceiling,Home_Win_Pct,Away_Win_Pct,Prob_Land_3,Prob_Land_7
1,2025-09-04,Dallas Cowboys @ Philadelphia Eagles,10,Date Error (Default),0.12,2.0,11.36,129.07,-8.0,9.0,19.81,19.0,9.156589000393222,9.0,31.100000000000023,0.478,0.518,0.165,0.106
1,2025-09-05,Kansas City Chiefs @ Los Angeles Chargers,0,Dome,-1.14,-3.0,11.7,136.85,-10.0,7.0,20.0,19.0,8.816956034466415,9.0,32.10000000000002,0.536,0.463,0.151,0.1
1,2025-09-07,Tampa Bay Buccaneers @ Atlanta Falcons,0,Dome,-0.95,-1.0,11.4,129.98,-10.0,7.0,19.7,19.0,9.176131668213593,9.0,33.0,0.519,0.476,0.151,0.128
1,2025-09-07,Cincinnati Bengals @ Cleveland Browns,10,Date Error (Default),-1.21,-3.0,11.7,136.92,-10.0,7.0,20.02,19.0,9.321999499821628,9.0,33.0,0.535,0.462,0.148,0.106
1,2025-09-07,Miami Dolphins @ Indianapolis Colts,0,Dome,-0.12,-1.0,12.02,144.4,-9.0,9.0,20.45,20.0,8.706733383204416,9.0,32.0,0.504,0.495,0.153,0.106
1,2025-09-07,Carolina Panthers @ Jacksonville Jaguars,10,Date Error (Default),-0.04,-1.0,11.56,133.55,-8.0,8.25,19.79,19.0,8.829618687472646,9.0,32.0,0.511,0.486,0.155,0.114
1,2025-09-07,Las Vegas Raiders @ New England Patriots,10,Date Error (Default),-0.53,-3.0,11.6,134.46,-9.0,7.0,19.49,19.0,9.183362028044966,9.0,31.100000000000023,0.52,0.476,0.161,0.114
1,2025-09-07,Arizona Cardinals @ New Orleans Saints,10,Date Error (Default),-0.57,-2.0,11.63,135.15,-9.0,7.0,19.58,19.0,8.83633724208486,9.0,32.0,0.518,0.48,0.148,0.11
1,2025-09-07,Pittsburgh Steelers @ New York Jets,10,Date Error (Default),-0.96,-3.0,11.58,134.17,-10.0,7.0,19.84,19.0,9.046413299954496,9.0,32.0,0.53,0.468,0.16,0.122
1,2025-09-07,New York Giants @ Washington Commanders,10,Date Error (Default),-0.78,-3.0,11.55,133.37,-10.0,7.0,20.22,19.0,9.137034332670334,9.0,33.0,0.52,0.477,0.145,0.119
1,2025-09-07,Tennessee Titans @ Denver Broncos,10,Date Error (Default),-0.11,1.0,11.69,136.57,-8.0,8.0,19.81,19.0,9.293991514859387,9.0,33.0,0.494,0.501,0.16,0.112
1,2025-09-07,San Francisco 49ers @ Seattle Seahawks,10,Date Error (Default),-1.34,-3.0,11.3,127.63,-10.0,7.0,19.63,19.0,9.445161834615757,9.0,33.0,0.55,0.449,0.142,0.129
1,2025-09-07,Detroit Lions @ Green Bay Packers,10,Date Error (Default),0.1,1.0,11.56,133.68,-9.0,8.25,19.75,19.0,8.849198116626575,9.0,31.0,0.487,0.513,0.151,0.098
1,2025-09-07,Houston Texans @ Los Angeles Rams,0,Dome,-0.33,-1.0,11.64,135.39,-9.0,7.25,20.14,19.0,8.840959368901236,9.0,32.0,0.508,0.488,0.141,0.11
1,2025-09-07,Baltimore Ravens @ Buffalo Bills,10,Date Error (Default),0.08,1.0,12.08,146.0,-10.0,10.0,20.24,20.0,8.960453433042645,9.0,33.0,0.493,0.505,0.141,0.101
1,2025-09-08,Minnesota Vikings @ Chicago Bears,10,Date Error (Default),-0.44,-1.0,11.82,139.74,-9.0,9.0,20.38,20.0,8.860407316699263,9.0,32.0,0.517,0.48,0.14,0.104
2,2025-09-11,Washington Commanders @ Green Bay Packers,10,Date Error (Default),0.26,1.0,11.6,134.52,-8.0,9.0,19.55,19.0,9.159103950997892,9.0,30.0,0.485,0.51,0.156,0.116
2,2025-09-14,Cleveland Browns @ Baltimore Ravens,10,Date Error (Default),0.02,-1.0,11.77,138.56,-9.0,9.0,20.32,20.0,9.140791271277616,9.0,33.0,0.502,0.494,0.139,0.11
2,2025-09-14,Jacksonville Jaguars @ Cincinnati Bengals,10,Date Error (Default),-0.7,-2.0,12.14,147.27,-10.0,7.25,19.78,19.0,8.999081034164513,9.0,31.0,0.517,0.479,0.142,0.122
2,2025-09-14,New York Giants @ Dallas Cowboys,0,Dome,-0.5,-2.0,11.35,128.83,-9.0,7.0,19.97,19.0,8.996000668520875,9.0,32.0,0.516,0.479,0.147,0.123
2,2025-09-14,Chicago Bears @ Detroit Lions,0,Dome,-0.14,-1.0,11.16,124.65,-8.0,8.0,19.89,19.0,8.920751695390408,9.0,32.0,0.504,0.496,0.155,0.106
2,2025-09-14,New England Patriots @ Miami Dolphins,10,Date Error (Default),-0.24,-1.0,11.88,141.17,-9.0,9.0,20.08,19.0,9.0061484948179,9.0,33.0,0.503,0.494,0.141,0.096
2,2025-09-14,San Francisco 49ers @ New Orleans Saints,10,Date Error (Default),-0.71,-3.0,11.68,136.52,-9.0,8.0,20.15,19.0,9.297851420679997,9.0,33.0,0.529,0.468,0.142,0.114
2,2025-09-14,Buffalo Bills @ New York Jets,10,Date Error (Default),-0.94,-3.0,11.75,137.99,-10.0,7.0,20.42,20.0,9.071377507847961,9.0,33.0,0.533,0.464,0.124,0.117
2,2025-09-14,Seattle Seahawks @ Pittsburgh Steelers,10,Date Error (Default),-0.03,-1.0,11.77,138.44,-7.0,8.25,19.77,19.0,9.157811119722032,9.0,32.0,0.507,0.489,0.17,0.109
2,2025-09-14,Los Angeles Rams @ Tennessee Titans,10,Date Error (Default),-1.29,-3.0,11.56,133.61,-10.0,7.0,19.45,19.0,9.023919720782489,9.0,31.100000000000023,0.548,0.446,0.169,0.114
2,2025-09-14,Carolina Panthers @ Arizona Cardinals,0,Dome,-0.48,-1.0,11.62,134.96,-9.0,7.0,20.01,19.0,8.956454324903023,9.0,32.0,0.514,0.482,0.154,0.096
2,2025-09-14,Denver Broncos @ Indianapolis Colts,0,Dome,-0.32,-1.0,11.52,132.73,-9.0,8.0,19.87,19.0,9.002048426656895,9.0,33.0,0.513,0.485,0.142,0.117
2,2025-09-14,Philadelphia Eagles @ Kansas City Chiefs,10,Date Error (Default),-0.14,-1.0,11.71,137.07,-9.0,8.25,20.04,19.0,8.793205983682599,9.0,32.0,0.502,0.498,0.155,0.117
2,2025-09-14,Atlanta Falcons @ Minnesota Vikings,0,Dome,-0.18,0.0,11.64,135.39,-9.0,8.0,20.36,19.0,8.962709755769524,9.0,32.0,0.499,0.496,0.164,0.096
2,2025-09-15,Tampa Bay Buccaneers @ Houston Texans,0,Dome,0.21,1.0,11.46,131.31,-8.0,9.0,19.6,19.0,8.994581618869134,9.0,31.0,0.494,0.506,0.149,0.126
2,2025-09-15,Los Angeles Chargers @ Las Vegas Raiders,0,Dome,-0.48,-2.0,11.53,132.98,-10.0,8.0,20.06,19.0,9.046753436882634,9.0,32.0,0.512,0.484,0.143,0.102
3,2025-09-18,Miami Dolphins @ Buffalo Bills,10,Date Error (Default),-0.64,-2.5,11.99,143.65,-10.0,7.0,20.21,20.0,8.438346087041268,9.0,32.0,0.522,0.475,0.144,0.124
3,2025-09-21,Atlanta Falcons @ Carolina Panthers,10,Date Error (Default),-0.24,-2.0,11.47,131.57,-9.0,8.0,19.66,19.0,8.921210006943452,9.0,31.0,0.516,0.483,0.135,0.14
3,2025-09-21,Green Bay Packers @ Cleveland Browns,10,Date Error (Default),-0.74,-3.0,11.63,135.26,-9.0,7.0,20.0,19.0,8.942983392132179,9.0,31.100000000000023,0.526,0.473,0.151,0.097
3,2025-09-21,Houston Texans @ Jacksonville Jaguars,10,Date Error (Default),0.23,2.0,11.94,142.55,-9.0,9.0,19.76,19.0,9.27364008361336,9.0,32.0,0.483,0.515,0.146,0.098
3,2025-09-21,Cincinnati Bengals @ Minnesota Vikings,0,Dome,-0.87,-3.0,11.61,134.74,-10.0,7.0,19.84,19.0,9.070756838854717,9.0,32.0,0.535,0.462,0.16,0.114
3,2025-09-21,Pittsburgh Steelers @ New England Patriots,10,Date Error (Default),-0.55,-1.5,11.71,137.07,-9.0,9.0,19.92,19.0,9.272551116289636,9.0,32.0,0.525,0.471,0.133,0.109
3,2025-09-21,Los Angeles Rams @ Philadelphia Eagles,10,Date Error (Default),-0.56,-3.0,11.68,136.52,-10.0,7.25,19.7,19.0,8.925629269572978,9.0,32.0,0.527,0.47,0.156,0.121
3,2025-09-21,New York Jets @ Tampa Bay Buccaneers,10,Date Error (Default),0.05,-1.0,11.73,137.65,-8.0,9.0,20.39,20.0,8.968120828311312,9.0,33.0,0.503,0.493,0.152,0.115
3,2025-09-21,Indianapolis Colts @ Tennessee Titans,10,Date Error (Default),-0.98,-3.0,11.74,137.72,-10.0,7.0,19.41,19.0,8.763953781592294,9.0,31.0,0.528,0.471,0.144,0.111
3,2025-09-21,Las Vegas Raiders @ Washington Commanders,10,Date Error (Default),-0.99,-3.0,11.43,130.63,-9.0,7.0,20.19,19.0,8.942880470581674,9.0,33.0,0.536,0.459,0.15,0.107
3,2025-09-21,Denver Broncos @ Los Angeles Chargers,0,Dome,-0.93,-3.0,11.69,136.57,-10.0,7.0,19.68,19.0,9.022844769125074,9.0,32.0,0.535,0.464,0.144,0.115
3,2025-09-21,New Orleans Saints @ Seattle Seahawks,10,Date Error (Default),-0.48,-1.0,11.85,140.36,-9.0,8.0,20.59,20.0,9.29136661064956,9.0,33.0,0.509,0.489,0.151,0.097
3,2025-09-21,Dallas Cowboys @ Chicago Bears,10,Date Error (Default),-0.05,-1.0,12.05,145.28,-9.0,9.0,20.12,19.0,9.081922721556284,9.0,33.0,0.508,0.492,0.158,0.111
3,2025-09-21,Arizona Cardinals @ San Francisco 49ers,10,Date Error (Default),-0.32,-2.0,11.57,133.96,-9.0,8.0,20.05,19.0,9.388175213204844,9.0,33.0,0.514,0.484,0.147,0.11
3,2025-09-21,Kansas City Chiefs @ New York Giants,10,Date Error (Default),0.14,-0.5,11.8,139.26,-8.0,9.0,19.65,19.0,9.265800238190657,9.0,32.0,0.5,0.497,0.134,0.123
3,2025-09-22,Detroit Lions @ Baltimore Ravens,10,Date Error (Default),-0.5,-1.0,11.69,136.56,-10.0,8.0,19.99,19.0,8.756119038742028,9.0,32.0,0.51,0.485,0.135,0.113
4,2025-09-25,Seattle Seahawks @ Arizona Cardinals,0,Dome,-0.66,-1.0,11.48,131.8,-10.0,7.0,20.21,20.0,9.297207595244341,9.0,33.0,0.513,0.484,0.137,0.097
4,2025-09-28,Minnesota Vikings @ Pittsburgh Steelers,10,Date Error (Default),-0.45,-3.0,11.66,135.86,-9.0,7.0,19.88,19.0,9.111811076899098,9.0,33.0,0.523,0.471,0.141,0.11
4,2025-09-28,Washington Commanders @ Atlanta Falcons,0,Dome,-0.38,-3.0,11.75,138.06,-9.0,7.0,20.2,19.0,9.227998263542963,9.0,33.0,0.528,0.471,0.156,0.123
4,2025-09-28,New Orleans Saints @ Buffalo Bills,10,Date Error (Default),-0.56,-3.0,11.52,132.7,-10.0,7.0,19.76,19.0,9.128154369980944,9.0,33.0,0.532,0.464,0.159,0.121
4,2025-09-28,Cleveland Browns @ Detroit Lions,0,Dome,0.03,2.0,11.63,135.37,-9.0,8.0,20.49,20.0,9.101582433994805,9.0,32.0,0.485,0.513,0.139,0.114
4,2025-09-28,Tennessee Titans @ Houston Texans,0,Dome,-0.03,-1.0,11.61,134.81,-9.0,9.0,20.1,19.0,8.87212994098315,9.0,31.0,0.504,0.495,0.139,0.113
4,2025-09-28,Carolina Panthers @ New England Patriots,10,Date Error (Default),-0.12,-2.0,11.53,132.9,-9.0,8.0,19.48,19.0,8.852802726601114,9.0,31.0,0.512,0.487,0.159,0.117
4,2025-09-28,Los Angeles Chargers @ New York Giants,10,Date Error (Default),-0.7,-2.0,11.72,137.27,-10.0,7.0,20.15,19.0,9.049203671433586,9.0,32.0,0.526,0.469,0.153,0.11
4,2025-09-28,Philadelphia Eagles @ Tampa Bay Buccaneers,10,Date Error (Default),-0.58,-2.0,11.71,137.01,-9.0,9.0,20.01,19.0,9.443886434672486,9.0,33.0,0.517,0.481,0.172,0.102
4,2025-09-28,Indianapolis Colts @ Los Angeles Rams,0,Dome,0.19,1.0,11.59,134.33,-9.0,9.25,20.36,19.0,9.206968679878969,9.0,33.0,0.496,0.503,0.15,0.109
4,2025-09-28,Jacksonville Jaguars @ San Francisco 49ers,10,Date Error (Default),-0.79,-3.0,11.83,140.01,-10.0,7.0,20.05,19.0,9.063080901957978,9.0,33.0,0.531,0.468,0.129,0.118
4,2025-09-28,Baltimore Ravens @ Kansas City Chiefs,10,Date Error (Default),-0.61,-2.5,11.57,133.92,-9.0,7.0,20.21,20.0,8.951281720761807,9.0,31.0,0.523,0.475,0.16,0.11
4,2025-09-28,Chicago Bears @ Las Vegas Raiders,0,Dome,-0.6,-1.0,11.19,125.2,-9.0,7.0,19.44,19.0,8.758702579199209,9.0,31.0,0.515,0.482,0.172,0.122
4,2025-09-28,Green Bay Packers @ Dallas Cowboys,0,Dome,-0.62,-2.0,11.72,137.41,-10.0,7.0,19.76,19.0,8.99927029629991,9.0,32.0,0.515,0.481,0.148,0.129
4,2025-09-29,New York Jets @ Miami Dolphins,10,Date Error (Default),-1.01,-3.0,11.5,132.3,-10.0,7.0,19.95,19.0,9.387727383420623,9.0,33.0,0.533,0.461,0.146,0.113
4,2025-09-29,Cincinnati Bengals @ Denver Broncos,10,Date Error (Default),-0.59,-2.0,11.8,139.19,-10.0,8.0,19.92,19.0,8.991705442615809,9.0,31.0,0.523,0.474,0.133,0.107
5,2025-10-02,San Francisco 49ers @ Los Angeles Rams,0,Dome,-0.11,-0.5,11.64,135.48,-9.0,9.0,20.36,20.0,9.180046200768722,9.0,33.0,0.5,0.498,0.139,0.113
5,2025-10-05,Minnesota Vikings @ Cleveland Browns,10,Date Error (Default),-0.6,-3.0,11.48,131.69,-9.0,7.0,19.82,19.0,8.98103746980459,9.0,32.0,0.529,0.468,0.161,0.111
5,2025-10-05,Houston Texans @ Baltimore Ravens,10,Date Error (Default),-0.52,-1.5,11.59,134.32,-9.0,8.0,19.69,19.0,8.962962607235328,9.0,31.0,0.518,0.477,0.14,0.125
5,2025-10-05,Miami Dolphins @ Carolina Panthers,10,Date Error (Default),-0.22,1.0,11.37,129.32,-9.0,8.0,19.48,19.0,9.093649953097461,9.0,31.0,0.496,0.501,0.17,0.108
5,2025-10-05,Las Vegas Raiders @ Indianapolis Colts,0,Dome,-0.26,-1.0,11.61,134.79,-9.0,9.0,19.79,19.0,9.02416974794023,9.0,33.0,0.508,0.488,0.155,0.121
5,2025-10-05,New York Giants @ New Orleans Saints,10,Date Error (Default),-0.23,-1.0,12.07,145.8,-9.0,8.0,19.68,19.0,9.368336283712532,9.0,32.10000000000002,0.505,0.489,0.135,0.109
5,2025-10-05,Dallas Cowboys @ New York Jets,10,Date Error (Default),-0.6,-1.0,12.05,145.19,-10.0,9.0,19.99,19.0,8.969691988824051,9.0,32.0,0.516,0.482,0.139,0.097
5,2025-10-05,Denver Broncos @ Philadelphia Eagles,10,Date Error (Default),-0.25,-1.0,11.7,136.93,-9.0,7.0,20.42,20.0,9.29250098598728,9.0,33.0,0.503,0.496,0.146,0.128
5,2025-10-05,Tennessee Titans @ Arizona Cardinals,0,Dome,-0.25,-1.0,11.77,138.62,-10.0,10.0,20.24,19.0,8.784852738528839,9.0,32.0,0.502,0.496,0.142,0.108
5,2025-10-05,Tampa Bay Buccaneers @ Seattle Seahawks,10,Date Error (Default),0.27,3.0,11.68,136.31,-9.0,9.0,20.75,20.0,9.397116035773411,9.0,33.0,0.472,0.528,0.156,0.108
5,2025-10-05,Detroit Lions @ Cincinnati Bengals,10,Date Error (Default),-0.24,-1.0,11.91,141.89,-10.0,9.0,19.66,19.0,9.14229492832935,9.0,32.0,0.506,0.494,0.165,0.102
5,2025-10-05,Washington Commanders @ Los Angeles Chargers,0,Dome,-0.47,-1.0,11.34,128.68,-9.0,8.0,20.2,20.0,9.190868079569853,9.0,32.0,0.511,0.488,0.171,0.112
5,2025-10-05,New England Patriots @ Buffalo Bills,10,Date Error (Default),-0.03,-1.0,11.75,138.04,-9.0,8.0,20.21,19.0,9.178833639792531,9.0,32.0,0.501,0.498,0.134,0.116
5,2025-10-06,Kansas City Chiefs @ Jacksonville Jaguars,10,Date Error (Default),-0.89,-3.0,12.06,145.46,-10.0,7.0,20.34,19.0,8.866599776215885,9.0,32.0,0.524,0.472,0.123,0.102
6,2025-10-09,Philadelphia Eagles @ New York Giants,10,Date Error (Default),0.14,1.0,11.19,125.25,-7.0,8.0,19.9,19.0,8.899054341230205,9.0,33.0,0.493,0.505,0.147,0.12
6,2025-10-12,Denver Broncos @ New York Jets,10,Date Error (Default),0.53,1.0,11.99,143.77,-9.0,10.0,20.32,19.5,9.126352738871883,9.0,33.0,0.49,0.506,0.141,0.108
6,2025-10-12,Los Angeles Rams @ Baltimore Ravens,10,Date Error (Default),-0.55,-3.0,11.93,142.29,-10.0,8.0,20.29,19.0,9.08339540436681,9.0,33.0,0.525,0.471,0.134,0.102
6,2025-10-12,Dallas Cowboys @ Carolina Panthers,10,Date Error (Default),-0.14,-1.0,12.1,146.38,-9.0,9.0,20.4,19.0,9.286183726817395,9.0,33.0,0.505,0.494,0.141,0.1
6,2025-10-12,Arizona Cardinals @ Indianapolis Colts,0,Dome,-0.27,-2.0,11.76,138.25,-9.0,9.0,19.9,19.0,8.611489345563214,9.0,31.0,0.513,0.486,0.132,0.135
6,2025-10-12,Seattle Seahawks @ Jacksonville Jaguars,10,Date Error (Default),-0.17,-2.0,11.69,136.56,-10.0,9.0,19.74,19.0,9.048435123167883,9.0,31.0,0.518,0.478,0.143,0.106
6,2025-10-12,Los Angeles Chargers @ Miami Dolphins,10,Date Error (Default),-0.38,-1.0,11.61,134.84,-9.0,7.0,20.42,20.0,9.318705772653049,9.0,33.0,0.506,0.494,0.154,0.1
6,2025-10-12,New England Patriots @ New Orleans Saints,10,Date Error (Default),-0.77,-3.0,11.75,137.98,-10.0,8.25,19.73,19.0,8.843829109232795,9.0,31.0,0.53,0.468,0.157,0.104
6,2025-10-12,Cleveland Browns @ Pittsburgh Steelers,10,Date Error (Default),-0.45,-1.0,12.03,144.78,-10.0,7.0,20.09,19.0,9.116084850581581,9.0,33.0,0.513,0.485,0.152,0.107
6,2025-10-12,Tennessee Titans @ Las Vegas Raiders,0,Dome,0.17,-1.0,11.92,142.0,-9.0,10.0,20.98,20.0,9.48242518490852,9.0,33.0,0.504,0.493,0.154,0.103
6,2025-10-12,Cincinnati Bengals @ Green Bay Packers,10,Date Error (Default),-0.68,-1.0,11.58,134.15,-9.0,7.0,20.18,19.0,9.101812291350937,9.0,32.0,0.514,0.481,0.155,0.119
6,2025-10-12,San Francisco 49ers @ Tampa Bay Buccaneers,10,Date Error (Default),-0.41,-1.0,12.19,148.69,-10.0,9.0,19.85,19.0,9.22825339165872,9.0,33.0,0.506,0.494,0.153,0.108
6,2025-10-12,Detroit Lions @ Kansas City Chiefs,10,Date Error (Default),-0.99,-3.0,11.78,138.76,-9.0,7.0,19.81,19.0,8.935748351346888,9.0,32.0,0.543,0.455,0.167,0.114
6,2025-10-13,Buffalo Bills @ Atlanta Falcons,0,Dome,-0.79,-3.0,11.52,132.66,-10.0,7.0,20.13,19.0,8.832443379725458,9.0,31.0,0.532,0.464,0.121,0.128
6,2025-10-13,Chicago Bears @ Washington Commanders,10,Date Error (Default),-0.64,-2.0,12.23,149.63,-10.0,8.0,20.07,19.0,8.996731638777506,9.0,31.0,0.519,0.477,0.133,0.089
7,2025-10-16,Pittsburgh Steelers @ Cincinnati Bengals,10,Date Error (Default),-1.39,-3.0,11.11,123.38,-10.0,7.0,19.92,19.0,9.05147530545188,9.0,33.0,0.555,0.441,0.141,0.107
7,2025-10-19,Los Angeles Rams @ Jacksonville Jaguars,10,Date Error (Default),-0.38,-1.0,11.8,139.15,-9.0,9.0,20.46,20.0,9.636562786717178,9.0,33.0,0.512,0.488,0.163,0.123
7,2025-10-19,New Orleans Saints @ Chicago Bears,10,Date Error (Default),0.1,-1.0,11.59,134.33,-8.0,9.0,19.91,19.0,9.15670662827396,9.0,33.0,0.508,0.488,0.138,0.117
7,2025-10-19,Miami Dolphins @ Cleveland Browns,10,Date Error (Default),-0.74,-2.0,11.71,137.06,-10.0,7.0,19.88,19.0,9.03451500975351,9.0,32.0,0.513,0.487,0.138,0.107
7,2025-10-19,Las Vegas Raiders @ Kansas City Chiefs,10,Date Error (Default),-0.85,-3.0,11.62,134.96,-10.0,7.0,19.8,19.0,9.11942761142167,9.0,32.0,0.525,0.47,0.167,0.109
7,2025-10-19,Philadelphia Eagles @ Minnesota Vikings,0,Dome,-0.46,-3.0,11.64,135.38,-10.0,9.0,19.59,19.0,8.944835889444205,9.0,31.0,0.528,0.469,0.149,0.1
7,2025-10-19,Carolina Panthers @ New York Jets,10,Date Error (Default),-0.26,0.5,11.6,134.62,-9.0,8.0,20.15,19.0,9.249315317029355,9.0,33.0,0.496,0.5,0.157,0.111
7,2025-10-19,New England Patriots @ Tennessee Titans,10,Date Error (Default),-0.54,-1.0,11.93,142.36,-10.0,8.0,20.49,20.0,8.813711619545565,9.0,33.0,0.506,0.488,0.135,0.12
7,2025-10-19,New York Giants @ Denver Broncos,10,Date Error (Default),-1.15,-3.0,11.7,136.78,-10.0,7.0,20.68,20.0,9.360416251021768,9.0,33.0,0.556,0.439,0.145,0.131
7,2025-10-19,Indianapolis Colts @ Los Angeles Chargers,0,Dome,-0.57,-2.0,11.21,125.73,-9.0,7.0,19.67,19.0,9.213287179973317,9.0,32.0,0.519,0.479,0.153,0.146
7,2025-10-19,Green Bay Packers @ Arizona Cardinals,0,Dome,-0.15,0.0,11.49,132.13,-9.0,8.0,19.93,19.0,9.29157862978264,9.0,33.0,0.499,0.497,0.168,0.123
7,2025-10-19,Washington Commanders @ Dallas Cowboys,0,Dome,-0.26,-0.5,11.57,133.85,-9.0,9.0,20.49,20.0,9.113446708622973,9.0,33.0,0.5,0.499,0.143,0.108
7,2025-10-19,Atlanta Falcons @ San Francisco 49ers,10,Date Error (Default),-1.11,-3.0,11.73,137.68,-9.0,7.0,19.78,19.0,8.58368164545905,9.0,32.0,0.542,0.453,0.151,0.123
7,2025-10-20,Tampa Bay Buccaneers @ Detroit Lions,0,Dome,-0.29,-1.0,11.72,137.36,-9.0,9.0,19.9,19.0,8.84917532337923,9.0,31.0,0.501,0.495,0.154,0.092
7,2025-10-20,Houston Texans @ Seattle Seahawks,10,Date Error (Default),0.13,1.0,12.07,145.6,-9.0,9.0,20.22,19.0,9.102301406286813,9.0,33.0,0.493,0.502,0.165,0.099
8,2025-10-23,Minnesota Vikings @ Los Angeles Chargers,0,Dome,-0.5,-1.0,11.32,128.15,-9.0,8.0,19.87,19.0,9.192204339581481,9.0,32.0,0.51,0.487,0.161,0.102
8,2025-10-26,Miami Dolphins @ Atlanta Falcons,0,Dome,-0.11,1.0,11.48,131.84,-9.0,8.0,19.95,19.0,8.954159255227035,9.0,31.100000000000023,0.491,0.507,0.168,0.106
8,2025-10-26,Chicago Bears @ Baltimore Ravens,10,Date Error (Default),-0.41,-1.0,11.61,134.88,-9.0,8.0,19.5,19.0,8.736837432865988,9.0,31.100000000000023,0.517,0.483,0.129,0.112
8,2025-10-26,Buffalo Bills @ Carolina Panthers,10,Date Error (Default),-0.03,-1.0,11.46,131.35,-9.0,8.0,19.69,19.0,8.831953770678798,9.0,31.0,0.501,0.497,0.157,0.116
8,2025-10-26,New York Jets @ Cincinnati Bengals,10,Date Error (Default),0.5,2.0,11.9,141.61,-8.0,10.0,19.53,19.0,9.144546064333795,9.0,31.0,0.479,0.519,0.157,0.111
8,2025-10-26,San Francisco 49ers @ Houston Texans,0,Dome,-0.08,1.0,11.18,125.02,-8.0,8.0,19.8,19.0,8.907971202858198,9.0,33.0,0.484,0.516,0.143,0.126
8,2025-10-26,Cleveland Browns @ New England Patriots,10,Date Error (Default),-0.93,-2.0,11.81,139.51,-10.0,7.0,20.24,20.0,8.938384961822003,9.0,32.0,0.527,0.469,0.124,0.114
8,2025-10-26,New York Giants @ Philadelphia Eagles,10,Date Error (Default),-0.63,-2.0,11.71,137.19,-9.0,8.0,19.98,19.0,9.121056115640593,9.0,33.0,0.513,0.483,0.132,0.123
8,2025-10-26,Tampa Bay Buccaneers @ New Orleans Saints,10,Date Error (Default),-0.08,0.0,11.92,142.04,-9.0,9.0,20.36,20.0,9.195204336108185,9.0,31.0,0.497,0.495,0.157,0.107
8,2025-10-26,Dallas Cowboys @ Denver Broncos,10,Date Error (Default),-0.28,-1.0,11.72,137.33,-9.0,9.0,20.01,20.0,8.844666648784912,9.0,31.0,0.506,0.489,0.15,0.106
8,2025-10-26,Tennessee Titans @ Indianapolis Colts,0,Dome,-0.45,-1.0,11.54,133.21,-10.0,7.25,19.99,19.0,9.249994237478928,9.0,33.0,0.505,0.492,0.16,0.106
8,2025-10-26,Green Bay Packers @ Pittsburgh Steelers,10,Date Error (Default),-0.48,-1.0,11.83,139.99,-10.0,7.0,20.14,19.0,9.20349843175862,9.0,31.0,0.52,0.473,0.147,0.106
8,2025-10-27,Washington Commanders @ Kansas City Chiefs,10,Date Error (Default),-0.43,-1.0,11.71,137.18,-10.0,8.25,19.86,19.0,9.001714662599946,9.0,33.0,0.512,0.488,0.145,0.115
9,2025-10-30,Baltimore Ravens @ Miami Dolphins,10,Date Error (Default),-0.52,-1.0,11.59,134.33,-10.0,7.0,19.38,19.0,8.87009117864735,9.0,31.0,0.502,0.494,0.136,0.113
9,2025-11-02,Chicago Bears @ Cincinnati Bengals,10,Date Error (Default),-0.75,-3.0,11.71,137.09,-9.25,8.0,20.12,19.0,9.009746640973571,9.0,33.0,0.528,0.469,0.143,0.12
9,2025-11-02,Minnesota Vikings @ Detroit Lions,0,Dome,0.16,1.0,12.03,144.7,-9.0,10.0,20.2,20.0,8.974661249570623,9.0,33.0,0.495,0.501,0.139,0.111
9,2025-11-02,Carolina Panthers @ Green Bay Packers,10,Date Error (Default),-1.1,-3.0,12.01,144.19,-10.0,8.0,20.34,20.0,9.277598279179253,9.0,32.0,0.531,0.464,0.139,0.117
9,2025-11-02,Denver Broncos @ Houston Texans,0,Dome,0.01,-1.0,11.14,124.13,-7.25,7.25,19.69,19.0,8.790786877972526,9.0,31.0,0.508,0.489,0.158,0.129
9,2025-11-02,Atlanta Falcons @ New England Patriots,10,Date Error (Default),-0.97,-3.0,11.58,134.09,-10.0,7.0,19.63,19.0,9.256593516165843,9.0,31.0,0.528,0.472,0.161,0.129
9,2025-11-02,San Francisco 49ers @ New York Giants,10,Date Error (Default),0.01,1.0,11.85,140.47,-9.0,8.0,19.91,19.0,9.007917271687923,9.0,32.0,0.492,0.504,0.142,0.119
9,2025-11-02,Indianapolis Colts @ Pittsburgh Steelers,10,Date Error (Default),-0.69,-2.0,12.03,144.69,-10.0,9.0,20.39,20.0,8.969696731744026,9.0,32.0,0.522,0.474,0.14,0.099
9,2025-11-02,Los Angeles Chargers @ Tennessee Titans,10,Date Error (Default),-0.21,-1.0,11.69,136.65,-9.0,9.0,20.06,19.0,8.976503139230143,9.0,32.0,0.511,0.487,0.151,0.116
9,2025-11-02,New Orleans Saints @ Los Angeles Rams,0,Dome,-0.64,-1.0,11.25,126.6,-9.0,7.0,19.44,19.0,9.058423153619511,9.0,31.0,0.505,0.493,0.157,0.138
9,2025-11-02,Jacksonville Jaguars @ Las Vegas Raiders,0,Dome,-0.04,-1.5,11.49,132.01,-8.0,9.0,20.13,19.0,8.684814448334635,9.0,32.0,0.515,0.483,0.153,0.102
9,2025-11-02,Kansas City Chiefs @ Buffalo Bills,10,Date Error (Default),-0.38,-1.0,11.95,142.78,-9.0,9.0,19.95,19.0,9.294486078932577,9.0,33.0,0.515,0.481,0.126,0.124
9,2025-11-02,Seattle Seahawks @ Washington Commanders,10,Date Error (Default),-0.11,-1.0,11.56,133.73,-9.0,9.0,19.87,19.0,9.109726182005204,9.0,33.0,0.502,0.493,0.138,0.113
9,2025-11-03,Arizona Cardinals @ Dallas Cowboys,0,Dome,-0.22,-1.0,11.37,129.17,-9.0,8.0,19.51,19.0,8.871225092096052,9.0,30.100000000000023,0.507,0.491,0.157,0.116
10,2025-11-06,Las Vegas Raiders @ Denver Broncos,10,Date Error (Default),-1.02,-3.0,11.25,126.63,-10.0,7.0,19.82,19.0,8.615947455187419,9.0,31.0,0.545,0.451,0.147,0.108
10,2025-11-09,Atlanta Falcons @ Indianapolis Colts,0,Dome,0.05,0.0,11.6,134.64,-9.0,9.0,20.1,19.0,9.240767705541991,9.0,33.0,0.498,0.498,0.152,0.117
10,2025-11-09,New Orleans Saints @ Carolina Panthers,10,Date Error (Default),0.38,0.5,11.95,142.74,-8.25,10.0,19.91,19.0,9.075300550399424,9.0,31.0,0.497,0.5,0.134,0.106
10,2025-11-09,New York Giants @ Chicago Bears,10,Date Error (Default),-0.5,-2.5,11.6,134.56,-9.0,8.0,19.87,19.0,8.769991547986335,9.0,32.0,0.519,0.473,0.137,0.117
10,2025-11-09,Jacksonville Jaguars @ Houston Texans,0,Dome,-0.5,-1.0,11.44,130.88,-9.0,8.0,19.77,19.0,8.668284441292586,9.0,31.0,0.517,0.479,0.141,0.096
10,2025-11-09,Buffalo Bills @ Miami Dolphins,10,Date Error (Default),-0.1,-0.5,11.36,129.16,-9.0,8.0,19.82,19.0,9.099067646304869,9.0,32.0,0.5,0.495,0.146,0.115
10,2025-11-09,Baltimore Ravens @ Minnesota Vikings,0,Dome,-0.98,-3.0,11.36,129.09,-10.0,7.0,19.67,19.0,8.745451785181078,9.0,31.0,0.539,0.459,0.136,0.118
10,2025-11-09,Cleveland Browns @ New York Jets,10,Date Error (Default),-0.66,-1.0,11.36,129.12,-9.25,7.0,19.96,19.0,9.00932138797767,9.0,33.0,0.517,0.48,0.151,0.1
10,2025-11-09,New England Patriots @ Tampa Bay Buccaneers,10,Date Error (Default),-1.07,-3.0,11.6,134.49,-10.0,7.0,19.57,19.0,8.931317900480279,9.0,31.0,0.543,0.456,0.132,0.132
10,2025-11-09,Arizona Cardinals @ Seattle Seahawks,10,Date Error (Default),-0.06,1.0,11.44,130.87,-9.0,7.25,20.1,19.0,9.114815624238586,9.0,33.0,0.492,0.506,0.161,0.108
10,2025-11-09,Los Angeles Rams @ San Francisco 49ers,10,Date Error (Default),-1.12,-3.0,11.55,133.5,-10.0,7.0,20.02,19.0,9.214967532586678,9.0,33.0,0.537,0.457,0.145,0.11
10,2025-11-09,Detroit Lions @ Washington Commanders,10,Date Error (Default),-1.14,-3.0,11.76,138.25,-10.0,7.0,20.17,19.0,9.427618521715385,9.0,33.0,0.551,0.448,0.166,0.097
10,2025-11-09,Pittsburgh Steelers @ Los Angeles Chargers,0,Dome,-0.95,-3.0,11.75,138.14,-10.0,7.0,20.42,20.0,9.457724861696896,9.0,33.0,0.542,0.455,0.15,0.12
10,2025-11-10,Philadelphia Eagles @ Green Bay Packers,10,Date Error (Default),0.42,2.0,11.47,131.56,-7.0,9.0,19.82,19.0,8.781653228944617,9.0,31.0,0.477,0.518,0.146,0.115
11,2025-11-13,New York Jets @ New England Patriots,10,Date Error (Default),-0.82,-3.0,11.5,132.16,-10.0,7.0,19.88,19.0,8.838070292008686,9.0,31.0,0.536,0.464,0.15,0.103
11,2025-11-16,Washington Commanders @ Miami Dolphins,10,Date Error (Default),-0.33,-1.0,11.91,141.76,-10.0,9.0,20.26,20.0,9.260979469836911,9.0,33.0,0.505,0.495,0.147,0.1
11,2025-11-16,Carolina Panthers @ Atlanta Falcons,0,Dome,-0.96,-3.0,11.5,132.36,-10.0,7.0,19.94,19.0,8.918318249558062,9.0,31.0,0.542,0.454,0.145,0.122
11,2025-11-16,Tampa Bay Buccaneers @ Buffalo Bills,10,Date Error (Default),-0.63,-2.0,11.69,136.66,-10.0,7.0,19.69,19.0,9.056553271369697,9.0,31.0,0.518,0.475,0.149,0.119
11,2025-11-16,Los Angeles Chargers @ Jacksonville Jaguars,10,Date Error (Default),-0.3,0.0,11.46,131.29,-9.0,8.0,19.93,19.0,9.250426281333546,9.0,33.0,0.497,0.499,0.154,0.11
11,2025-11-16,Chicago Bears @ Minnesota Vikings,0,Dome,-1.22,-3.0,11.73,137.66,-10.0,7.0,19.94,19.0,9.153321927164056,9.0,32.0,0.539,0.456,0.134,0.124
11,2025-11-16,Green Bay Packers @ New York Giants,10,Date Error (Default),-0.68,-2.0,11.66,136.05,-9.0,7.0,19.3,19.0,8.920244490021659,9.0,31.0,0.513,0.483,0.168,0.116
11,2025-11-16,Cincinnati Bengals @ Pittsburgh Steelers,10,Date Error (Default),-1.09,-3.0,11.34,128.6,-10.0,7.0,19.63,19.0,8.719024049764995,9.0,31.0,0.545,0.453,0.136,0.115
11,2025-11-16,Houston Texans @ Tennessee Titans,10,Date Error (Default),0.2,1.0,11.4,130.0,-8.0,9.0,20.01,19.0,9.516276084189156,9.0,33.0,0.493,0.503,0.151,0.113
11,2025-11-16,San Francisco 49ers @ Arizona Cardinals,0,Dome,-1.05,-3.0,11.96,142.95,-10.0,7.0,20.36,19.0,9.07873225617869,9.0,33.0,0.528,0.469,0.147,0.128
11,2025-11-16,Seattle Seahawks @ Los Angeles Rams,0,Dome,-0.04,-1.0,11.69,136.68,-9.0,9.0,19.99,19.0,9.15624310444998,9.0,33.0,0.51,0.485,0.151,0.12
11,2025-11-16,Baltimore Ravens @ Cleveland Browns,10,Date Error (Default),-0.2,-1.5,11.68,136.51,-9.25,7.0,20.17,19.5,8.825814126469863,9.0,32.10000000000002,0.51,0.485,0.155,0.121
11,2025-11-16,Kansas City Chiefs @ Denver Broncos,10,Date Error (Default),-0.41,-1.0,12.22,149.38,-10.0,9.0,20.87,20.0,9.232295450172685,10.0,34.0,0.504,0.495,0.127,0.114
11,2025-11-16,Detroit Lions @ Philadelphia Eagles,10,Date Error (Default),-0.48,-1.0,11.77,138.57,-9.0,7.0,20.13,19.0,9.2468017358621,9.0,32.0,0.509,0.487,0.157,0.131
11,2025-11-17,Dallas Cowboys @ Las Vegas Raiders,0,Dome,-0.68,-2.0,11.92,142.07,-10.0,8.0,20.49,20.0,9.204269366689275,9.0,33.0,0.519,0.48,0.138,0.108
12,2025-11-20,Buffalo Bills @ Houston Texans,0,Dome,-0.64,-3.0,11.88,141.02,-10.0,7.0,20.45,20.0,9.08834401841155,9.0,33.0,0.535,0.461,0.138,0.126
12,2025-11-23,New York Jets @ Baltimore Ravens,10,Date Error (Default),-0.26,-1.0,11.96,143.07,-10.0,9.0,20.14,20.0,9.078882370925681,9.0,32.10000000000002,0.509,0.488,0.118,0.136
12,2025-11-23,Pittsburgh Steelers @ Chicago Bears,10,Date Error (Default),-0.8,-1.0,11.7,136.94,-9.25,7.0,19.88,19.0,8.937739881770682,9.0,31.0,0.521,0.476,0.154,0.098
12,2025-11-23,New England Patriots @ Cincinnati Bengals,10,Date Error (Default),-0.15,-1.0,11.39,129.69,-8.0,8.0,19.84,19.0,9.090126809093777,9.0,33.0,0.503,0.491,0.16,0.109
12,2025-11-23,New York Giants @ Detroit Lions,0,Dome,-0.61,-3.0,11.61,134.77,-9.0,7.0,20.2,20.0,8.682221199955976,9.0,32.0,0.533,0.466,0.134,0.122
12,2025-11-23,Minnesota Vikings @ Green Bay Packers,10,Date Error (Default),-0.28,-1.0,11.61,134.73,-9.0,7.0,19.55,19.0,8.972301722423193,9.0,31.0,0.511,0.484,0.137,0.135
12,2025-11-23,Indianapolis Colts @ Kansas City Chiefs,10,Date Error (Default),-0.7,-1.0,11.63,135.3,-10.0,7.0,19.6,19.0,9.090678711704612,9.0,32.0,0.512,0.483,0.156,0.114
12,2025-11-23,Seattle Seahawks @ Tennessee Titans,10,Date Error (Default),0.14,1.0,11.76,138.39,-9.0,9.0,19.87,19.0,9.380676793126234,9.0,32.0,0.492,0.505,0.148,0.137
12,2025-11-23,Jacksonville Jaguars @ Arizona Cardinals,0,Dome,-0.24,-1.0,11.87,140.95,-9.0,8.0,19.97,20.0,9.06156846373866,9.0,32.0,0.507,0.49,0.149,0.107
12,2025-11-23,Cleveland Browns @ Las Vegas Raiders,0,Dome,-0.2,-3.0,11.78,138.88,-9.0,9.0,20.5,20.0,9.146126318099189,9.0,33.0,0.527,0.472,0.141,0.123
12,2025-11-23,Philadelphia Eagles @ Dallas Cowboys,0,Dome,-0.11,-1.0,11.24,126.39,-9.0,7.0,19.5,19.0,9.096082327777916,9.0,31.100000000000023,0.506,0.49,0.162,0.119
12,2025-11-23,Atlanta Falcons @ New Orleans Saints,10,Date Error (Default),-0.2,-1.0,11.54,133.07,-9.25,8.0,20.12,19.0,9.161264528861055,9.0,33.0,0.512,0.487,0.146,0.101
12,2025-11-23,Tampa Bay Buccaneers @ Los Angeles Rams,0,Dome,-0.2,-0.5,11.41,130.16,-9.0,7.0,19.94,19.0,9.08881238174221,9.0,33.0,0.5,0.494,0.163,0.126
12,2025-11-24,Carolina Panthers @ San Francisco 49ers,10,Date Error (Default),-1.06,-1.0,11.71,137.06,-10.0,7.0,19.39,19.0,8.886004731040833,9.0,31.0,0.515,0.48,0.143,0.1
13,2025-11-27,Green Bay Packers @ Detroit Lions,0,Dome,0.28,-1.0,11.41,130.25,-7.25,9.0,19.86,19.0,8.512577046228008,10.0,31.0,0.502,0.496,0.138,0.121
13,2025-11-27,Kansas City Chiefs @ Dallas Cowboys,0,Dome,-0.61,-2.0,11.5,132.17,-10.0,7.0,19.96,19.0,8.849524794534963,9.0,32.0,0.519,0.479,0.143,0.11
13,2025-11-27,Cincinnati Bengals @ Baltimore Ravens,10,Date Error (Default),-0.63,-2.0,11.72,137.34,-10.0,7.0,19.85,19.0,9.1834594204432,9.0,32.0,0.508,0.489,0.159,0.11
13,2025-11-28,Chicago Bears @ Philadelphia Eagles,10,Date Error (Default),-0.48,-1.0,12.36,152.67,-10.0,9.0,20.3,19.0,8.928500272560735,9.0,32.0,0.51,0.487,0.133,0.103
14,2025-11-30,Los Angeles Rams @ Carolina Panthers,10,Date Error (Default),-0.73,-3.0,11.8,139.34,-10.0,8.0,19.65,19.0,8.839340073384038,9.0,31.0,0.53,0.467,0.16,0.092
14,2025-11-30,San Francisco 49ers @ Cleveland Browns,10,Date Error (Default),-0.35,-1.0,11.57,133.97,-9.0,7.0,20.14,19.0,9.201461726155138,9.0,33.0,0.511,0.484,0.134,0.128
14,2025-11-30,Houston Texans @ Indianapolis Colts,0,Dome,-0.22,-1.0,11.7,136.92,-7.25,7.25,19.89,19.0,8.865215623325135,9.0,32.0,0.501,0.497,0.16,0.113
14,2025-11-30,New Orleans Saints @ Miami Dolphins,10,Date Error (Default),-0.07,-1.0,11.51,132.5,-8.0,9.0,19.72,19.0,8.701403934448189,9.0,31.0,0.506,0.492,0.134,0.138
14,2025-11-30,Atlanta Falcons @ New York Jets,10,Date Error (Default),-0.41,-1.0,11.43,130.74,-9.0,7.0,19.73,19.0,9.103344818630507,9.0,33.0,0.517,0.48,0.142,0.109
14,2025-11-30,Arizona Cardinals @ Tampa Bay Buccaneers,10,Date Error (Default),-0.26,1.0,11.88,141.05,-9.0,8.0,20.02,19.0,9.301251974239182,9.0,33.0,0.494,0.501,0.137,0.12
14,2025-11-30,Jacksonville Jaguars @ Tennessee Titans,10,Date Error (Default),-0.41,0.0,11.42,130.48,-10.0,8.0,19.89,19.0,8.660145328868166,9.0,31.0,0.495,0.498,0.158,0.095
14,2025-11-30,Minnesota Vikings @ Seattle Seahawks,10,Date Error (Default),-0.59,-1.0,11.7,136.92,-9.0,7.0,20.03,19.0,9.11921795638947,9.0,32.0,0.51,0.49,0.157,0.131
14,2025-11-30,Las Vegas Raiders @ Los Angeles Chargers,0,Dome,-1.11,-2.0,11.16,124.54,-10.0,7.0,20.18,19.0,9.312437731147334,9.0,33.0,0.52,0.476,0.147,0.114
14,2025-11-30,Buffalo Bills @ Pittsburgh Steelers,10,Date Error (Default),-0.44,-1.5,11.78,138.7,-10.0,7.0,19.71,19.0,9.160211431701425,9.0,32.0,0.518,0.48,0.155,0.098
14,2025-11-30,Denver Broncos @ Washington Commanders,10,Date Error (Default),-0.59,-1.0,11.53,132.84,-8.0,7.0,19.62,19.0,8.953143737413289,9.0,32.0,0.515,0.481,0.144,0.125
14,2025-12-01,New York Giants @ New England Patriots,10,Date Error (Default),-0.9,-3.0,11.43,130.63,-9.0,7.0,19.56,19.0,9.086396072898957,9.0,31.100000000000023,0.533,0.465,0.136,0.112
15,2025-12-04,Dallas Cowboys @ Detroit Lions,0,Dome,0.21,3.0,11.52,132.8,-7.25,9.0,19.45,19.0,8.850509732355675,9.0,31.100000000000023,0.474,0.524,0.175,0.096
15,2025-12-07,Seattle Seahawks @ Atlanta Falcons,0,Dome,-0.36,-2.0,11.48,131.87,-9.0,8.0,19.6,19.0,8.90809396774294,9.0,31.0,0.522,0.475,0.148,0.1
15,2025-12-07,Pittsburgh Steelers @ Baltimore Ravens,10,Date Error (Default),-0.25,-1.0,11.93,142.28,-9.0,7.0,19.81,19.0,9.039420065198602,9.0,32.0,0.521,0.477,0.16,0.101
15,2025-12-07,Tennessee Titans @ Cleveland Browns,10,Date Error (Default),-0.51,-2.0,11.68,136.53,-9.0,7.0,18.91,19.0,8.799822036147543,9.0,30.0,0.524,0.475,0.146,0.123
15,2025-12-07,Indianapolis Colts @ Jacksonville Jaguars,10,Date Error (Default),-0.45,-1.0,11.81,139.41,-10.0,7.0,20.49,20.0,8.958918082738183,10.0,33.0,0.509,0.487,0.131,0.135
15,2025-12-07,Washington Commanders @ Minnesota Vikings,0,Dome,-0.16,0.0,11.54,133.24,-9.0,7.0,19.8,19.0,8.638670420071982,9.0,31.0,0.499,0.497,0.158,0.109
15,2025-12-07,Miami Dolphins @ New York Jets,10,Date Error (Default),-1.2,-3.0,11.9,141.7,-10.0,7.0,19.92,19.0,9.111373558807044,9.0,32.0,0.555,0.444,0.155,0.109
15,2025-12-07,New Orleans Saints @ Tampa Bay Buccaneers,10,Date Error (Default),-0.2,-1.0,11.37,129.33,-8.0,8.0,19.61,19.0,9.018197096919033,9.0,32.10000000000002,0.505,0.493,0.161,0.125
15,2025-12-07,Cincinnati Bengals @ Buffalo Bills,10,Date Error (Default),-0.82,-3.0,11.6,134.62,-10.0,7.0,19.83,19.0,9.042614050642042,9.0,33.0,0.537,0.459,0.132,0.107
15,2025-12-07,Denver Broncos @ Las Vegas Raiders,0,Dome,-0.1,1.0,11.57,133.83,-9.0,9.0,20.01,19.0,9.127222205314451,9.0,32.0,0.483,0.513,0.159,0.104
15,2025-12-07,Chicago Bears @ Green Bay Packers,10,Date Error (Default),-0.13,1.0,11.53,132.85,-9.0,8.0,19.27,19.0,8.958543380455302,9.0,31.0,0.488,0.504,0.149,0.124
15,2025-12-07,Los Angeles Rams @ Arizona Cardinals,0,Dome,-0.55,-1.0,11.52,132.82,-9.25,8.0,19.62,19.0,8.780955596128543,9.0,31.0,0.504,0.494,0.16,0.1
15,2025-12-07,Houston Texans @ Kansas City Chiefs,10,Date Error (Default),-0.72,-2.0,11.45,131.07,-9.0,7.0,20.22,20.0,8.810826843700292,9.0,33.0,0.527,0.469,0.143,0.108
15,2025-12-08,Philadelphia Eagles @ Los Angeles Chargers,0,Dome,-0.52,-1.0,11.44,130.81,-9.0,7.0,19.74,19.0,9.129090386850779,9.0,32.0,0.515,0.484,0.153,0.121
16,2025-12-11,Atlanta Falcons @ Tampa Bay Buccaneers,10,Date Error (Default),-0.25,-1.0,11.52,132.82,-9.0,8.0,19.8,19.0,9.035819278296243,9.0,33.0,0.501,0.492,0.152,0.119
16,2025-12-14,Cleveland Browns @ Chicago Bears,10,Date Error (Default),-0.55,-3.0,11.86,140.63,-9.0,8.0,20.16,19.0,9.314459681546706,9.0,33.0,0.519,0.48,0.131,0.126
16,2025-12-14,Baltimore Ravens @ Cincinnati Bengals,10,Date Error (Default),-0.36,-2.0,11.47,131.47,-9.0,7.0,19.3,19.0,8.829265594087138,9.0,30.0,0.515,0.482,0.149,0.117
16,2025-12-14,Arizona Cardinals @ Houston Texans,0,Dome,-0.56,-2.0,11.68,136.4,-10.0,9.0,19.85,19.0,8.894864733014135,9.0,32.0,0.524,0.474,0.141,0.089
16,2025-12-14,New York Jets @ Jacksonville Jaguars,10,Date Error (Default),-0.73,-3.0,12.12,146.8,-10.0,9.0,19.81,19.0,8.746529642136977,9.0,31.0,0.53,0.466,0.151,0.113
16,2025-12-14,Los Angeles Chargers @ Kansas City Chiefs,10,Date Error (Default),-1.31,-3.0,11.85,140.53,-10.0,7.0,20.12,19.0,8.734609860171743,9.0,32.10000000000002,0.535,0.462,0.139,0.113
16,2025-12-14,Buffalo Bills @ New England Patriots,10,Date Error (Default),0.15,-1.0,11.73,137.51,-9.0,9.0,20.41,20.0,8.879250931080678,9.0,32.0,0.505,0.491,0.133,0.122
16,2025-12-14,Washington Commanders @ New York Giants,10,Date Error (Default),-0.7,-1.0,11.47,131.48,-10.0,7.0,20.02,19.0,9.141227107617064,9.0,33.0,0.513,0.485,0.154,0.106
16,2025-12-14,Las Vegas Raiders @ Philadelphia Eagles,10,Date Error (Default),-0.8,-2.0,11.77,138.62,-10.0,7.0,20.12,20.0,9.138867210650009,9.0,33.0,0.515,0.484,0.149,0.119
16,2025-12-14,Green Bay Packers @ Denver Broncos,10,Date Error (Default),-0.27,-2.0,11.69,136.69,-9.0,8.0,20.08,20.0,9.185656878650121,9.0,32.10000000000002,0.512,0.484,0.134,0.111
16,2025-12-14,Detroit Lions @ Los Angeles Rams,0,Dome,-0.2,-1.0,11.6,134.51,-9.0,9.0,19.77,19.0,9.060979270771197,9.0,31.0,0.508,0.489,0.16,0.098
16,2025-12-14,Carolina Panthers @ New Orleans Saints,10,Date Error (Default),0.09,-1.0,11.4,130.01,-9.0,9.0,19.85,19.0,8.94887039135562,9.0,31.0,0.501,0.497,0.15,0.126
16,2025-12-14,Indianapolis Colts @ Seattle Seahawks,10,Date Error (Default),-0.11,1.0,11.99,143.71,-10.0,9.0,20.08,19.0,8.794435803455563,9.0,32.10000000000002,0.485,0.51,0.138,0.114
16,2025-12-14,Tennessee Titans @ San Francisco 49ers,10,Date Error (Default),-0.77,-1.0,11.32,128.09,-10.0,7.0,19.6,19.0,9.012692140510493,9.0,31.0,0.512,0.484,0.158,0.113
16,2025-12-14,Minnesota Vikings @ Dallas Cowboys,0,Dome,-0.8,-3.0,12.17,148.16,-10.0,8.0,20.13,19.0,8.837756782404965,9.0,32.0,0.525,0.474,0.145,0.116
16,2025-12-15,Miami Dolphins @ Pittsburgh Steelers,10,Date Error (Default),-0.38,-2.0,12.21,149.02,-10.0,9.0,19.85,20.0,8.61953550908588,9.0,30.0,0.516,0.478,0.138,0.126
17,2025-12-18,Los Angeles Rams @ Seattle Seahawks,10,Date Error (Default),0.23,1.0,11.38,129.54,-7.0,9.0,19.93,19.0,9.049632857461946,9.0,33.0,0.495,0.503,0.122,0.128
17,2025-12-20,Philadelphia Eagles @ Washington Commanders,10,Date Error (Default),0.55,2.0,12.22,149.21,-9.0,10.0,20.33,20.0,9.061873788381549,9.0,33.0,0.476,0.523,0.129,0.108
17,2025-12-20,Green Bay Packers @ Chicago Bears,10,Date Error (Default),0.65,2.0,12.02,144.59,-7.0,10.0,20.13,19.0,8.89472968764179,9.0,32.0,0.477,0.52,0.132,0.107
17,2025-12-21,Tampa Bay Buccaneers @ Carolina Panthers,10,Date Error (Default),-1.06,-2.0,11.71,137.11,-10.0,7.0,19.98,19.0,8.819328520672963,9.0,32.0,0.525,0.473,0.138,0.111
17,2025-12-21,Buffalo Bills @ Cleveland Browns,10,Date Error (Default),-0.77,-2.0,11.68,136.54,-10.0,7.0,19.98,19.0,9.020253043289028,9.0,32.10000000000002,0.517,0.48,0.144,0.112
17,2025-12-21,Los Angeles Chargers @ Dallas Cowboys,0,Dome,-0.19,1.0,12.02,144.43,-9.0,9.0,20.51,20.0,9.372181645102104,9.0,33.0,0.496,0.501,0.128,0.117
17,2025-12-21,New York Jets @ New Orleans Saints,10,Date Error (Default),-0.23,-1.0,11.78,138.68,-10.0,9.0,20.2,19.0,9.283759377977661,9.0,32.10000000000002,0.502,0.494,0.141,0.095
17,2025-12-21,Minnesota Vikings @ New York Giants,10,Date Error (Default),-0.29,-1.0,11.73,137.71,-10.0,9.0,20.16,19.0,9.430483180251848,9.0,33.0,0.509,0.489,0.135,0.103
17,2025-12-21,Kansas City Chiefs @ Tennessee Titans,10,Date Error (Default),0.17,2.0,11.64,135.43,-9.0,9.0,19.8,19.0,8.820554755013212,9.0,32.0,0.487,0.511,0.168,0.101
17,2025-12-21,Cincinnati Bengals @ Miami Dolphins,10,Date Error (Default),-0.46,-1.0,11.21,125.7,-9.0,7.0,20.23,19.0,9.35354118677695,9.0,33.0,0.517,0.481,0.147,0.127
17,2025-12-21,Atlanta Falcons @ Arizona Cardinals,0,Dome,-0.68,-1.0,11.56,133.74,-9.0,7.0,20.0,19.0,8.871566304136417,9.0,33.0,0.517,0.48,0.156,0.112
17,2025-12-21,Jacksonville Jaguars @ Denver Broncos,10,Date Error (Default),0.26,1.5,11.75,137.95,-9.0,9.0,19.64,19.0,9.280731003965581,9.0,33.0,0.477,0.522,0.149,0.102
17,2025-12-21,Pittsburgh Steelers @ Detroit Lions,0,Dome,-0.41,-1.0,11.46,131.38,-9.0,8.0,19.83,19.0,9.2288466565769,9.0,33.0,0.513,0.484,0.155,0.122
17,2025-12-21,Las Vegas Raiders @ Houston Texans,0,Dome,-0.53,-2.0,11.49,131.95,-9.0,8.0,19.7,19.0,9.056777363732435,9.0,32.0,0.519,0.48,0.161,0.125
17,2025-12-21,New England Patriots @ Baltimore Ravens,10,Date Error (Default),-0.13,-1.0,11.66,135.93,-9.0,9.0,20.25,19.0,9.04136285314566,9.0,33.0,0.507,0.491,0.138,0.118
17,2025-12-22,San Francisco 49ers @ Indianapolis Colts,0,Dome,-0.07,-1.0,12.31,151.49,-10.0,10.0,20.2,19.0,9.101177420006184,9.0,33.0,0.503,0.496,0.125,0.106
18,2025-12-25,Dallas Cowboys @ Washington Commanders,10,Date Error (Default),-0.42,-1.0,11.53,133.04,-9.0,8.0,19.75,19.0,8.862280971850533,9.0,31.0,0.501,0.494,0.145,0.129
18,2025-12-25,Detroit Lions @ Minnesota Vikings,0,Dome,-0.2,-1.0,11.53,133.0,-9.0,9.0,20.38,20.0,9.31919907886249,9.0,33.0,0.507,0.49,0.141,0.104
18,2025-12-25,Denver Broncos @ Kansas City Chiefs,10,Date Error (Default),-0.43,-2.0,11.66,135.87,-10.0,8.0,19.75,19.0,9.010586810784005,9.0,32.0,0.521,0.474,0.136,0.104
19,2025-12-27,Houston Texans @ Los Angeles Chargers,0,Dome,-0.09,-1.0,11.87,140.98,-9.0,9.0,20.08,19.0,9.147602014879235,9.0,33.0,0.502,0.495,0.149,0.112
19,2025-12-27,Baltimore Ravens @ Green Bay Packers,10,Date Error (Default),0.26,-1.0,11.56,133.64,-8.0,9.0,20.07,19.0,8.976092760285026,9.0,32.0,0.505,0.494,0.163,0.12
19,2025-12-28,Seattle Seahawks @ Carolina Panthers,10,Date Error (Default),-0.59,-2.0,11.75,138.05,-10.0,9.0,20.14,19.0,9.128159633699353,9.0,32.0,0.515,0.483,0.148,0.1
19,2025-12-28,Arizona Cardinals @ Cincinnati Bengals,10,Date Error (Default),-0.49,-2.0,11.88,141.03,-10.0,9.0,19.56,19.0,8.941838484085668,9.0,32.0,0.521,0.474,0.125,0.108
19,2025-12-28,Pittsburgh Steelers @ Cleveland Browns,10,Date Error (Default),-0.07,-1.0,11.95,142.72,-10.0,9.0,20.05,19.0,9.163446936593225,9.0,33.0,0.511,0.488,0.145,0.103
19,2025-12-28,Jacksonville Jaguars @ Indianapolis Colts,0,Dome,0.38,1.0,11.7,136.93,-8.0,9.0,19.91,19.0,9.006296096030232,9.0,32.0,0.495,0.504,0.137,0.12
19,2025-12-28,Tampa Bay Buccaneers @ Miami Dolphins,10,Date Error (Default),-0.33,-2.0,12.05,145.18,-10.0,9.0,20.43,20.0,8.95370536927812,9.0,33.0,0.513,0.484,0.132,0.119
19,2025-12-28,New England Patriots @ New York Jets,10,Date Error (Default),-0.6,-2.0,11.93,142.41,-10.0,8.0,20.11,19.0,9.518972730386501,9.0,33.0,0.515,0.481,0.134,0.109
19,2025-12-28,New Orleans Saints @ Tennessee Titans,10,Date Error (Default),0.6,2.5,11.41,130.11,-7.0,9.0,19.63,19.0,8.912311725938467,9.0,31.0,0.468,0.527,0.172,0.104
19,2025-12-28,New York Giants @ Las Vegas Raiders,0,Dome,0.07,1.0,11.46,131.23,-9.0,9.0,19.63,19.0,9.210996605061716,9.0,33.0,0.483,0.514,0.156,0.118
19,2025-12-28,Philadelphia Eagles @ Buffalo Bills,10,Date Error (Default),-0.57,-2.0,11.89,141.44,-10.0,8.0,20.39,20.0,9.451955271712752,9.0,33.0,0.52,0.477,0.149,0.104
19,2025-12-28,Chicago Bears @ San Francisco 49ers,10,Date Error (Default),-0.68,-2.0,11.59,134.29,-10.0,7.0,20.41,20.0,9.122780558860612,9.0,33.0,0.526,0.472,0.144,0.112
19,2025-12-29,Los Angeles Rams @ Atlanta Falcons,0,Dome,-0.22,-2.0,11.41,130.29,-9.0,9.0,19.72,19.0,8.852126023455332,9.0,31.0,0.521,0.474,0.155,0.103
20,2026-01-03,Carolina Panthers @ Tampa Bay Buccaneers,10,Date Error (Default),-0.4,-1.0,11.93,142.34,-10.0,9.0,20.11,20.0,9.039558264296636,9.0,32.0,0.505,0.49,0.163,0.09
20,2026-01-03,Seattle Seahawks @ San Francisco 49ers,10,Date Error (Default),-0.66,-2.0,11.76,138.29,-9.0,7.25,20.54,20.0,9.08300065511948,9.0,33.0,0.523,0.472,0.137,0.118
20,2026-01-04,New Orleans Saints @ Atlanta Falcons,0,Dome,-0.14,-1.0,11.55,133.46,-9.0,8.0,19.96,19.0,8.909654198561128,9.0,32.0,0.508,0.489,0.155,0.114
20,2026-01-04,Cleveland Browns @ Cincinnati Bengals,10,Date Error (Default),-0.42,-1.0,11.91,141.93,-9.0,9.0,20.0,19.0,9.292004107852103,9.0,32.0,0.518,0.48,0.134,0.1
20,2026-01-04,Indianapolis Colts @ Houston Texans,0,Dome,-0.21,-1.0,11.13,123.95,-8.0,7.0,19.67,19.0,9.178962542322164,9.0,32.0,0.505,0.493,0.154,0.107
20,2026-01-04,Tennessee Titans @ Jacksonville Jaguars,10,Date Error (Default),-0.54,-2.0,12.03,144.79,-10.0,7.25,20.36,19.0,9.387101185598707,9.0,33.0,0.526,0.469,0.162,0.105
20,2026-01-04,Green Bay Packers @ Minnesota Vikings,0,Dome,-0.8,-1.5,11.6,134.52,-10.0,7.0,20.05,19.0,9.041578907975595,9.0,33.0,0.517,0.481,0.144,0.123
20,2026-01-04,Dallas Cowboys @ New York Giants,10,Date Error (Default),-0.8,-3.0,12.17,148.08,-10.0,9.0,19.74,19.0,8.71126800128375,9.0,31.0,0.524,0.475,0.139,0.123
20,2026-01-04,New York Jets @ Buffalo Bills,10,Date Error (Default),-0.7,-2.5,11.8,139.33,-10.0,8.0,19.63,19.0,8.949523169698203,9.0,31.0,0.518,0.478,0.139,0.115
20,2026-01-04,Detroit Lions @ Chicago Bears,10,Date Error (Default),-0.71,-2.0,11.66,136.01,-9.25,7.0,19.75,19.0,8.889404789833655,9.0,32.0,0.523,0.472,0.136,0.132
20,2026-01-04,Los Angeles Chargers @ Denver Broncos,10,Date Error (Default),-0.4,-3.0,12.25,150.17,-9.0,9.0,20.32,19.5,9.300366273046068,9.0,33.0,0.529,0.467,0.116,0.118
20,2026-01-04,Arizona Cardinals @ Los Angeles Rams,0,Dome,-0.36,-1.0,11.32,128.1,-9.0,7.0,19.57,19.0,8.8614443628675,9.0,33.0,0.507,0.489,0.157,0.115
20,2026-01-04,Kansas City Chiefs @ Las Vegas Raiders,0,Dome,-0.83,-3.0,11.38,129.41,-9.0,7.0,19.77,19.0,9.099394209230358,9.0,32.0,0.53,0.466,0.151,0.117
20,2026-01-04,Miami Dolphins @ New England Patriots,10,Date Error (Default),-0.52,-2.0,11.73,137.61,-9.0,7.0,19.77,19.0,8.995849059444044,9.0,32.0,0.523,0.475,0.172,0.104
20,2026-01-04,Washington Commanders @ Philadelphia Eagles,10,Date Error (Default),-0.15,1.0,11.43,130.54,-9.0,8.0,19.71,19.0,8.964540924888121,9.0,32.0,0.495,0.501,0.142,0.115
20,2026-01-04,Baltimore Ravens @ Pittsburgh Steelers,10,Date Error (Default),-0.57,-2.0,11.71,137.13,-10.0,8.0,20.08,20.0,9.08666668869897,9.0,31.0,0.52,0.474,0.169,0.102
